CharCode,Width
0,0.35
1,0.35
2,0.35
3,0.35
4,0.35
5,0.35
6,0.35
7,0.35
8,0.35
9,0.35
10,0.35
11,0.35
12,0.35
13,0.35
14,0.35
15,0.35
16,0.35
17,0.35
18,0.35
19,0.35
20,0.35
21,0.35
22,0.35
23,0.35
24,0.35
25,0.35
26,0.35
27,0.35
28,0.35
29,0.35
30,0.35
31,0.35
32,0.35
33,0.353
34,0.386
35,0.695
36,0.728
37,0.96
38,0.894
39,0.405
40,0.457
41,0.457
42,0.547
43,0.772
44,0.315
45,0.498
46,0.315
47,0.413
48,0.741
49,0.741
50,0.741
51,0.741
52,0.741
53,0.741
54,0.741
55,0.741
56,0.741
57,0.741
58,0.315
59,0.315
60,0.628
61,0.772
62,0.628
63,0.64
64,0.952
65,0.823
66,0.809
67,0.811
68,0.876
69,0.745
70,0.735
71,0.87
72,0.885
73,0.327
74,0.653
75,0.751
76,0.738
77,1.024
78,0.865
79,0.949
80,0.833
81,0.949
82,0.821
83,0.738
84,0.791
85,0.882
86,0.809
87,1.106
88,0.807
89,0.77
90,0.744
91,0.462
92,0.413
93,0.462
94,0.66
95,0.5
96,0.377
97,0.634
98,0.709
99,0.631
100,0.727
101,0.637
102,0.441
103,0.648
104,0.691
105,0.305
106,0.325
107,0.622
108,0.325
109,1.02
110,0.688
111,0.691
112,0.702
113,0.714
114,0.479
115,0.565
116,0.446
117,0.688
118,0.614
119,0.955
120,0.618
121,0.621
122,0.585
123,0.416
124,0.389
125,0.416
126,0.551
160,0.35
161,0.353
162,0.631
163,0.776
164,0.624
165,0.77
166,0.389
167,1
168,1
169,0.919
170,0.393
171,0.783
172,0.722
173,0.5
174,0.919
175,0.5
176,1
177,1
178,0.402
179,0.402
180,1
181,0.694
182,1
183,0.381
184,0.5
185,0.402
186,0.4
187,0.783
188,0.935
189,0.935
190,0.935
191,0.64
192,0.823
193,0.823
194,0.823
195,0.823
196,0.823
197,0.823
198,1.018
199,0.811
200,0.745
201,0.745
202,0.745
203,0.745
204,0.327
205,0.327
206,0.327
207,0.327
208,0.876
209,0.865
210,0.949
211,0.949
212,0.949
213,0.949
214,0.949
215,1
216,0.949
217,0.882
218,0.882
219,0.882
220,0.882
221,0.77
222,0.833
223,0.673
224,0.634
225,0.634
226,0.634
227,0.634
228,0.634
229,0.634
230,0.882
231,0.631
232,0.637
233,0.637
234,0.637
235,0.637
236,0.305
237,0.305
238,0.305
239,0.305
240,0.742
241,0.688
242,0.691
243,0.691
244,0.691
245,0.691
246,0.691
247,1
248,0.691
249,0.688
250,0.688
251,0.688
252,0.688
253,0.621
254,0.702
255,0.621
256,0.823
257,0.634
258,0.823
259,0.634
260,0.823
261,0.634
262,0.811
263,0.631
266,0.811
267,0.631
268,0.811
269,0.631
270,0.876
271,0.946
272,0.876
273,0.727
274,0.745
275,0.637
278,0.745
279,0.637
280,0.745
281,0.637
282,0.745
283,0.637
286,0.87
287,0.648
288,0.87
289,0.648
290,0.87
291,0.648
294,0.885
295,0.691
298,0.327
299,0.305
302,0.327
303,0.305
304,0.327
305,0.305
306,0.908
307,0.63
310,0.751
311,0.622
313,0.738
314,0.325
315,0.738
316,0.325
317,0.738
318,0.538
321,0.738
322,0.427
323,0.865
324,0.688
325,0.865
326,0.688
327,0.865
328,0.688
336,0.949
337,0.691
338,0.987
339,0.932
340,0.821
341,0.479
344,0.821
345,0.479
346,0.738
347,0.565
350,0.738
351,0.565
352,0.738
353,0.565
356,0.791
357,0.678
362,0.882
363,0.688
366,0.882
367,0.688
368,0.882
369,0.688
370,0.882
371,0.688
376,0.77
377,0.744
378,0.585
379,0.744
380,0.585
381,0.744
382,0.585
402,0.612
453,1
454,1
498,1
499,1
538,0.791
539,0.446
699,0.315
700,0.315
710,0.5
711,0.5
728,0.5
729,0.5
730,0.5
731,0.5
732,0.5
768,0.377
769,0.5
770,0.5
771,0.5
772,0.5
773,0.5
774,0.5
775,0.5
776,0.5
778,0.5
779,0.5
780,0.5
807,0.5
808,0.5
818,0.5
821,0.5
822,1
894,0.315
900,0.5
901,0.5
902,0.823
903,0.381
904,0.875
905,1.018
906,0.46
908,1.067
910,1.08
911,1.11
912,0.38
913,0.823
914,0.809
915,0.738
916,0.822
917,0.745
918,0.744
919,0.885
920,0.949
921,0.327
922,0.751
923,0.823
924,1.024
925,0.865
926,0.794
927,0.949
928,0.89
929,0.833
931,0.76
932,0.791
933,0.916
934,0.941
935,0.807
936,0.906
937,0.976
938,0.327
939,0.916
940,0.74
941,0.576
942,0.728
943,0.38
944,0.671
945,0.74
946,0.648
947,0.662
948,0.686
949,0.576
950,0.528
951,0.728
952,0.654
953,0.38
954,0.64
955,0.664
956,0.72
957,0.63
958,0.586
959,0.691
960,0.696
961,0.688
962,0.624
963,0.726
964,0.608
965,0.668
966,0.743
967,0.638
968,0.792
969,0.903
970,0.38
971,0.668
972,0.691
973,0.668
974,0.903
1025,0.745
1040,0.823
1041,0.808
1042,0.809
1043,0.738
1044,0.836
1045,0.745
1046,1.004
1047,0.778
1048,0.865
1049,0.865
1050,0.774
1051,0.882
1052,1.024
1053,0.885
1054,0.949
1055,0.842
1056,0.833
1057,0.811
1058,0.791
1059,0.692
1060,0.941
1061,0.807
1062,0.888
1063,0.81
1064,1.016
1065,1.048
1066,0.949
1067,1.028
1068,0.807
1069,0.816
1070,1.024
1071,0.822
1072,0.634
1073,0.682
1074,0.67
1075,0.604
1076,0.705
1077,0.637
1078,0.848
1079,0.58
1080,0.68
1081,0.68
1082,0.634
1083,0.672
1084,0.816
1085,0.712
1086,0.691
1087,0.718
1088,0.702
1089,0.631
1090,0.634
1091,0.627
1092,0.962
1093,0.618
1094,0.764
1095,0.682
1096,0.838
1097,0.88
1098,0.7
1099,0.84
1100,0.62
1101,0.594
1102,0.804
1103,0.652
1105,0.637
8194,0.5
8195,1
8208,1
8209,0.498
8210,0.5
8211,0.5
8212,1
8213,1
8214,1
8216,0.315
8217,0.315
8218,0.315
8219,0.315
8220,0.532
8221,0.532
8222,0.532
8224,1
8225,1
8226,0.51
8229,1
8230,1
8240,1
8242,1
8243,1
8249,0.565
8250,0.565
8251,1
8254,0.5
8260,0.132
8282,1
8285,1
8364,0.758
8451,1
8457,1
8458,1
8467,1
8470,1
8481,1
8482,1.005
8491,1
8507,1
8544,1
8545,1
8546,1
8547,1
8548,1
8549,1
8550,1
8551,1
8552,1
8553,1
8554,1
8555,1
8560,1
8561,1
8562,1
8563,1
8564,1
8565,1
8566,1
8567,1
8568,1
8569,1
8570,1
8571,1
8575,1
8592,1
8593,1
8594,1
8595,1
8644,1
8645,1
8646,1
8658,1
8660,1
8678,1
8679,1
8680,1
8681,1
8704,1
8706,1
8707,1
8711,1
8712,1
8715,1
8721,1
8722,1
8729,0.381
8730,1
8733,1
8734,1
8735,1
8736,1
8743,1
8744,1
8745,1
8746,1
8747,1
8748,1
8749,1
8750,1
8756,1
8757,1
8764,0.551
8765,1
8786,1
8800,1
8801,1
8806,1
8807,1
8810,1
8811,1
8834,1
8835,1
8838,1
8839,1
8869,1
8895,1
8978,1
9127,1
9128,1
9129,1
9131,1
9132,1
9133,1
9312,1
9313,1
9314,1
9315,1
9316,1
9317,1
9318,1
9319,1
9320,1
9321,1
9322,1
9323,1
9324,1
9325,1
9326,1
9327,1
9328,1
9329,1
9330,1
9331,1
9332,1
9333,1
9334,1
9335,1
9336,1
9337,1
9338,1
9339,1
9340,1
9341,1
9342,1
9343,1
9344,1
9345,1
9346,1
9347,1
9348,1
9349,1
9350,1
9351,1
9352,1
9353,1
9354,1
9355,1
9356,1
9357,1
9358,1
9359,1
9360,1
9372,1
9373,1
9374,1
9375,1
9376,1
9377,1
9378,1
9379,1
9380,1
9381,1
9382,1
9383,1
9384,1
9385,1
9386,1
9387,1
9388,1
9389,1
9390,1
9391,1
9392,1
9393,1
9394,1
9395,1
9396,1
9397,1
9450,1
9472,1
9473,1
9474,1
9475,1
9476,1
9477,1
9478,1
9479,1
9480,1
9481,1
9482,1
9483,1
9484,1
9485,1
9486,1
9487,1
9488,1
9489,1
9490,1
9491,1
9492,1
9493,1
9494,1
9495,1
9496,1
9497,1
9498,1
9499,1
9500,1
9501,1
9502,1
9503,1
9504,1
9505,1
9506,1
9507,1
9508,1
9509,1
9510,1
9511,1
9512,1
9513,1
9514,1
9515,1
9516,1
9517,1
9518,1
9519,1
9520,1
9521,1
9522,1
9523,1
9524,1
9525,1
9526,1
9527,1
9528,1
9529,1
9530,1
9531,1
9532,1
9533,1
9534,1
9535,1
9536,1
9537,1
9538,1
9539,1
9540,1
9541,1
9542,1
9543,1
9544,1
9545,1
9546,1
9547,1
9552,1
9566,1
9569,1
9578,1
9581,1
9582,1
9583,1
9584,1
9585,1
9586,1
9587,1
9601,1
9602,1
9603,1
9604,1
9605,1
9606,1
9607,1
9608,1
9609,1
9610,1
9611,1
9612,1
9613,1
9614,1
9615,1
9620,1
9621,1
9632,1
9633,1
9634,1
9650,1
9651,1
9655,1
9660,1
9661,1
9665,1
9670,1
9671,1
9673,1
9675,1
9678,1
9679,1
9698,1
9699,1
9700,1
9701,1
9711,1
9728,1
9729,1
9730,1
9731,1
9733,1
9734,1
9742,1
9756,1
9757,1
9758,1
9759,1
9792,1
9794,1
9824,1
9825,1
9826,1
9827,1
9828,1
9829,1
9830,1
9831,1
9834,1
9837,1
9839,1
10102,1
10103,1
10104,1
10105,1
10106,1
10107,1
10108,1
10109,1
10110,1
10145,1
11013,1
11014,1
11015,1
11918,1
11920,1
11922,1
11923,1
11924,1
11929,1
11931,1
11935,1
11936,1
11969,1
11972,1
11985,1
11992,1
12004,1
12008,1
12009,1
12011,1
12013,1
12015,1
12018,1
12032,1
12033,1
12034,1
12035,1
12036,1
12037,1
12038,1
12039,1
12040,1
12041,1
12042,1
12043,1
12044,1
12045,1
12046,1
12047,1
12048,1
12049,1
12050,1
12051,1
12052,1
12053,1
12054,1
12055,1
12056,1
12057,1
12058,1
12059,1
12060,1
12061,1
12062,1
12063,1
12064,1
12065,1
12066,1
12067,1
12068,1
12069,1
12070,1
12071,1
12072,1
12073,1
12074,1
12075,1
12076,1
12077,1
12078,1
12079,1
12080,1
12081,1
12082,1
12083,1
12084,1
12085,1
12086,1
12087,1
12088,1
12090,1
12091,1
12092,1
12093,1
12094,1
12095,1
12096,1
12097,1
12098,1
12099,1
12100,1
12101,1
12102,1
12103,1
12104,1
12105,1
12106,1
12107,1
12108,1
12109,1
12110,1
12111,1
12112,1
12113,1
12114,1
12115,1
12116,1
12117,1
12118,1
12119,1
12120,1
12121,1
12122,1
12123,1
12124,1
12125,1
12126,1
12127,1
12128,1
12129,1
12130,1
12131,1
12132,1
12133,1
12134,1
12136,1
12137,1
12138,1
12139,1
12140,1
12141,1
12142,1
12143,1
12144,1
12146,1
12147,1
12148,1
12149,1
12150,1
12151,1
12152,1
12153,1
12154,1
12155,1
12156,1
12157,1
12158,1
12159,1
12160,1
12161,1
12162,1
12163,1
12164,1
12165,1
12166,1
12167,1
12168,1
12169,1
12170,1
12171,1
12172,1
12173,1
12174,1
12175,1
12176,1
12177,1
12178,1
12179,1
12180,1
12181,1
12182,1
12183,1
12184,1
12185,1
12186,1
12187,1
12188,1
12189,1
12190,1
12191,1
12192,1
12194,1
12195,1
12196,1
12197,1
12198,1
12199,1
12200,1
12201,1
12202,1
12203,1
12204,1
12205,1
12206,1
12207,1
12208,1
12209,1
12210,1
12211,1
12212,1
12213,1
12214,1
12215,1
12216,1
12217,1
12218,1
12219,1
12220,1
12221,1
12222,1
12223,1
12224,1
12225,1
12226,1
12227,1
12228,1
12229,1
12230,1
12231,1
12233,1
12234,1
12235,1
12236,1
12237,1
12238,1
12239,1
12240,1
12241,1
12242,1
12243,1
12244,1
12245,1
12288,1
12289,1
12290,1
12291,1
12292,1
12293,1
12294,1
12295,1
12296,1
12297,1
12298,1
12299,1
12300,1
12301,1
12302,1
12303,1
12304,1
12305,1
12306,1
12307,1
12308,1
12309,1
12316,1
12317,1
12319,1
12320,1
12342,1
12353,1
12354,1
12355,1
12356,1
12357,1
12358,1
12359,1
12360,1
12361,1
12362,1
12363,1
12364,1
12365,1
12366,1
12367,1
12368,1
12369,1
12370,1
12371,1
12372,1
12373,1
12374,1
12375,1
12376,1
12377,1
12378,1
12379,1
12380,1
12381,1
12382,1
12383,1
12384,1
12385,1
12386,1
12387,1
12388,1
12389,1
12390,1
12391,1
12392,1
12393,1
12394,1
12395,1
12396,1
12397,1
12398,1
12399,1
12400,1
12401,1
12402,1
12403,1
12404,1
12405,1
12406,1
12407,1
12408,1
12409,1
12410,1
12411,1
12412,1
12413,1
12414,1
12415,1
12416,1
12417,1
12418,1
12419,1
12420,1
12421,1
12422,1
12423,1
12424,1
12425,1
12426,1
12427,1
12428,1
12429,1
12430,1
12431,1
12432,1
12433,1
12434,1
12435,1
12436,1
12437,1
12438,1
12443,1
12444,1
12445,1
12446,1
12449,1
12450,1
12451,1
12452,1
12453,1
12454,1
12455,1
12456,1
12457,1
12458,1
12459,1
12460,1
12461,1
12462,1
12463,1
12464,1
12465,1
12466,1
12467,1
12468,1
12469,1
12470,1
12471,1
12472,1
12473,1
12474,1
12475,1
12476,1
12477,1
12478,1
12479,1
12480,1
12481,1
12482,1
12483,1
12484,1
12485,1
12486,1
12487,1
12488,1
12489,1
12490,1
12491,1
12492,1
12493,1
12494,1
12495,1
12496,1
12497,1
12498,1
12499,1
12500,1
12501,1
12502,1
12503,1
12504,1
12505,1
12506,1
12507,1
12508,1
12509,1
12510,1
12511,1
12512,1
12513,1
12514,1
12515,1
12516,1
12517,1
12518,1
12519,1
12520,1
12521,1
12522,1
12523,1
12524,1
12525,1
12526,1
12527,1
12528,1
12529,1
12530,1
12531,1
12532,1
12533,1
12534,1
12535,1
12536,1
12537,1
12538,1
12539,1
12540,1
12541,1
12542,1
12842,1
12843,1
12844,1
12845,1
12846,1
12847,1
12848,1
12849,1
12850,1
12851,1
12852,1
12853,1
12854,1
12855,1
12856,1
12857,1
12858,1
12859,1
12860,1
12861,1
12862,1
12863,1
12864,1
12865,1
12866,1
12867,1
12881,1
12882,1
12883,1
12884,1
12885,1
12886,1
12887,1
12888,1
12889,1
12890,1
12891,1
12945,1
12946,1
12947,1
12948,1
12950,1
12952,1
12953,1
12957,1
12958,1
12964,1
12965,1
12966,1
12967,1
12968,1
12969,1
12970,1
12971,1
12972,1
12973,1
12974,1
12975,1
12976,1
13056,1
13059,1
13061,1
13069,1
13076,1
13077,1
13078,1
13080,1
13086,1
13090,1
13091,1
13094,1
13095,1
13098,1
13099,1
13105,1
13107,1
13110,1
13113,1
13115,1
13122,1
13127,1
13129,1
13130,1
13133,1
13134,1
13137,1
13143,1
13179,1
13180,1
13181,1
13182,1
13183,1
13189,1
13190,1
13191,1
13192,1
13193,1
13198,1
13199,1
13200,1
13206,1
13207,1
13208,1
13212,1
13213,1
13214,1
13215,1
13216,1
13217,1
13218,1
13219,1
13220,1
13221,1
13222,1
13232,1
13233,1
13234,1
13235,1
13252,1
13256,1
13259,1
13260,1
13261,1
13268,1
15694,1
19968,1
19969,1
19971,1
19975,1
19976,1
19977,1
19978,1
19979,1
19981,1
19982,1
19984,1
19985,1
19988,1
19989,1
19990,1
19991,1
19992,1
19993,1
19998,1
20001,1
20006,1
20008,1
20010,1
20013,1
20017,1
20018,1
20022,1
20024,1
20025,1
20027,1
20028,1
20031,1
20034,1
20035,1
20037,1
20043,1
20045,1
20046,1
20047,1
20053,1
20054,1
20055,1
20056,1
20057,1
20061,1
20062,1
20063,1
20066,1
20081,1
20083,1
20094,1
20096,1
20098,1
20101,1
20102,1
20104,1
20105,1
20106,1
20107,1
20108,1
20110,1
20113,1
20114,1
20116,1
20117,1
20120,1
20121,1
20123,1
20124,1
20126,1
20127,1
20128,1
20129,1
20130,1
20132,1
20133,1
20134,1
20136,1
20139,1
20140,1
20141,1
20142,1
20144,1
20147,1
20150,1
20154,1
20160,1
20161,1
20162,1
20164,1
20166,1
20167,1
20170,1
20171,1
20173,1
20174,1
20175,1
20180,1
20181,1
20182,1
20183,1
20184,1
20185,1
20189,1
20190,1
20191,1
20193,1
20195,1
20196,1
20197,1
20205,1
20206,1
20208,1
20210,1
20214,1
20215,1
20219,1
20220,1
20224,1
20225,1
20227,1
20233,1
20234,1
20237,1
20238,1
20239,1
20240,1
20241,1
20250,1
20252,1
20253,1
20271,1
20272,1
20276,1
20278,1
20280,1
20281,1
20282,1
20284,1
20285,1
20291,1
20294,1
20295,1
20301,1
20302,1
20303,1
20304,1
20305,1
20307,1
20309,1
20310,1
20311,1
20313,1
20314,1
20315,1
20316,1
20317,1
20318,1
20329,1
20335,1
20336,1
20339,1
20341,1
20342,1
20347,1
20348,1
20351,1
20355,1
20358,1
20360,1
20362,1
20363,1
20365,1
20367,1
20369,1
20370,1
20372,1
20374,1
20376,1
20378,1
20379,1
20381,1
20384,1
20385,1
20395,1
20397,1
20398,1
20399,1
20405,1
20406,1
20415,1
20418,1
20419,1
20420,1
20425,1
20426,1
20429,1
20430,1
20432,1
20433,1
20436,1
20439,1
20440,1
20442,1
20443,1
20445,1
20447,1
20448,1
20449,1
20451,1
20452,1
20453,1
20462,1
20463,1
20467,1
20469,1
20470,1
20472,1
20474,1
20478,1
20479,1
20485,1
20486,1
20489,1
20491,1
20493,1
20495,1
20497,1
20498,1
20500,1
20502,1
20505,1
20506,1
20510,1
20511,1
20513,1
20514,1
20515,1
20516,1
20517,1
20518,1
20520,1
20521,1
20522,1
20523,1
20524,1
20525,1
20534,1
20537,1
20544,1
20546,1
20547,1
20550,1
20551,1
20552,1
20553,1
20559,1
20560,1
20565,1
20566,1
20570,1
20572,1
20581,1
20588,1
20592,1
20594,1
20596,1
20597,1
20598,1
20600,1
20605,1
20608,1
20613,1
20621,1
20625,1
20628,1
20632,1
20633,1
20634,1
20652,1
20653,1
20658,1
20659,1
20660,1
20661,1
20663,1
20670,1
20674,1
20677,1
20681,1
20682,1
20685,1
20687,1
20689,1
20693,1
20694,1
20696,1
20698,1
20702,1
20707,1
20709,1
20711,1
20717,1
20718,1
20724,1
20725,1
20729,1
20731,1
20736,1
20737,1
20738,1
20740,1
20745,1
20754,1
20756,1
20757,1
20758,1
20760,1
20762,1
20767,1
20769,1
20778,1
20786,1
20791,1
20794,1
20795,1
20796,1
20799,1
20800,1
20801,1
20803,1
20804,1
20805,1
20806,1
20807,1
20808,1
20809,1
20810,1
20811,1
20812,1
20813,1
20814,1
20816,1
20818,1
20820,1
20826,1
20828,1
20834,1
20836,1
20837,1
20840,1
20841,1
20842,1
20843,1
20844,1
20845,1
20846,1
20849,1
20853,1
20854,1
20855,1
20856,1
20860,1
20864,1
20866,1
20869,1
20870,1
20873,1
20874,1
20876,1
20877,1
20879,1
20880,1
20881,1
20882,1
20883,1
20885,1
20886,1
20887,1
20889,1
20893,1
20896,1
20898,1
20900,1
20901,1
20902,1
20904,1
20905,1
20906,1
20907,1
20908,1
20912,1
20913,1
20914,1
20915,1
20916,1
20917,1
20918,1
20919,1
20925,1
20926,1
20932,1
20933,1
20934,1
20937,1
20939,1
20940,1
20941,1
20950,1
20955,1
20956,1
20957,1
20960,1
20961,1
20966,1
20967,1
20969,1
20970,1
20972,1
20973,1
20976,1
20977,1
20981,1
20982,1
20984,1
20985,1
20986,1
20989,1
20990,1
20992,1
20995,1
20996,1
20998,1
20999,1
21000,1
21002,1
21003,1
21006,1
21009,1
21012,1
21013,1
21015,1
21021,1
21028,1
21029,1
21031,1
21033,1
21034,1
21038,1
21040,1
21043,1
21046,1
21047,1
21048,1
21049,1
21050,1
21051,1
21059,1
21060,1
21063,1
21066,1
21067,1
21068,1
21069,1
21071,1
21076,1
21078,1
21083,1
21085,1
21086,1
21091,1
21092,1
21093,1
21097,1
21098,1
21103,1
21104,1
21105,1
21106,1
21107,1
21108,1
21109,1
21117,1
21119,1
21123,1
21127,1
21128,1
21129,1
21133,1
21137,1
21138,1
21140,1
21147,1
21148,1
21151,1
21152,1
21155,1
21158,1
21161,1
21162,1
21163,1
21164,1
21165,1
21167,1
21169,1
21172,1
21173,1
21177,1
21180,1
21182,1
21184,1
21185,1
21187,1
21189,1
21191,1
21193,1
21197,1
21202,1
21205,1
21207,1
21208,1
21209,1
21211,1
21213,1
21214,1
21215,1
21216,1
21218,1
21219,1
21220,1
21222,1
21223,1
21234,1
21235,1
21237,1
21240,1
21241,1
21242,1
21246,1
21247,1
21248,1
21249,1
21250,1
21253,1
21254,1
21256,1
21261,1
21263,1
21264,1
21269,1
21270,1
21271,1
21273,1
21274,1
21277,1
21280,1
21281,1
21283,1
21284,1
21290,1
21295,1
21297,1
21299,1
21304,1
21305,1
21306,1
21307,1
21311,1
21312,1
21313,1
21315,1
21317,1
21318,1
21319,1
21320,1
21321,1
21322,1
21325,1
21329,1
21330,1
21331,1
21332,1
21335,1
21336,1
21338,1
21340,1
21342,1
21344,1
21350,1
21353,1
21358,1
21359,1
21360,1
21361,1
21362,1
21363,1
21364,1
21365,1
21367,1
21368,1
21371,1
21375,1
21378,1
21380,1
21395,1
21398,1
21400,1
21402,1
21407,1
21408,1
21413,1
21414,1
21416,1
21417,1
21421,1
21422,1
21424,1
21426,1
21427,1
21430,1
21435,1
21442,1
21443,1
21448,1
21449,1
21450,1
21451,1
21452,1
21453,1
21454,1
21460,1
21462,1
21463,1
21465,1
21467,1
21469,1
21471,1
21473,1
21474,1
21475,1
21476,1
21477,1
21480,1
21481,1
21482,1
21483,1
21484,1
21485,1
21486,1
21487,1
21488,1
21489,1
21490,1
21491,1
21494,1
21495,1
21496,1
21498,1
21505,1
21507,1
21508,1
21512,1
21513,1
21514,1
21515,1
21516,1
21517,1
21518,1
21519,1
21520,1
21521,1
21531,1
21533,1
21535,1
21536,1
21542,1
21545,1
21547,1
21548,1
21549,1
21550,1
21558,1
21560,1
21561,1
21563,1
21564,1
21565,1
21566,1
21568,1
21570,1
21574,1
21576,1
21577,1
21578,1
21582,1
21585,1
21599,1
21608,1
21610,1
21616,1
21617,1
21619,1
21621,1
21622,1
21623,1
21627,1
21628,1
21629,1
21632,1
21636,1
21638,1
21642,1
21643,1
21644,1
21646,1
21647,1
21648,1
21650,1
21660,1
21666,1
21668,1
21669,1
21672,1
21673,1
21675,1
21676,1
21679,1
21682,1
21683,1
21688,1
21692,1
21693,1
21694,1
21696,1
21697,1
21698,1
21700,1
21703,1
21704,1
21705,1
21720,1
21729,1
21730,1
21733,1
21734,1
21736,1
21737,1
21741,1
21742,1
21746,1
21754,1
21757,1
21759,1
21764,1
21766,1
21767,1
21775,1
21776,1
21780,1
21782,1
21806,1
21807,1
21809,1
21811,1
21816,1
21817,1
21822,1
21824,1
21828,1
21829,1
21830,1
21836,1
21839,1
21843,1
21846,1
21847,1
21852,1
21853,1
21854,1
21859,1
21883,1
21884,1
21886,1
21888,1
21891,1
21892,1
21894,1
21895,1
21897,1
21898,1
21899,1
21912,1
21913,1
21914,1
21916,1
21917,1
21918,1
21919,1
21927,1
21928,1
21929,1
21930,1
21931,1
21932,1
21934,1
21936,1
21942,1
21956,1
21957,1
21959,1
21972,1
21978,1
21980,1
21983,1
21987,1
21988,1
22007,1
22009,1
22013,1
22014,1
22022,1
22025,1
22036,1
22038,1
22039,1
22040,1
22043,1
22057,1
22063,1
22065,1
22066,1
22068,1
22070,1
22072,1
22082,1
22092,1
22094,1
22096,1
22099,1
22107,1
22116,1
22120,1
22122,1
22123,1
22124,1
22132,1
22136,1
22138,1
22144,1
22150,1
22151,1
22154,1
22159,1
22164,1
22169,1
22176,1
22178,1
22181,1
22190,1
22196,1
22198,1
22204,1
22208,1
22209,1
22210,1
22211,1
22216,1
22218,1
22222,1
22225,1
22227,1
22231,1
22232,1
22234,1
22235,1
22238,1
22240,1
22243,1
22254,1
22256,1
22258,1
22259,1
22265,1
22266,1
22269,1
22271,1
22272,1
22275,1
22276,1
22280,1
22281,1
22283,1
22285,1
22287,1
22290,1
22291,1
22294,1
22296,1
22300,1
22303,1
22310,1
22311,1
22312,1
22317,1
22320,1
22327,1
22328,1
22331,1
22336,1
22338,1
22343,1
22346,1
22350,1
22351,1
22352,1
22353,1
22361,1
22369,1
22372,1
22373,1
22374,1
22377,1
22378,1
22399,1
22402,1
22408,1
22409,1
22411,1
22419,1
22432,1
22434,1
22435,1
22436,1
22442,1
22444,1
22448,1
22451,1
22464,1
22467,1
22470,1
22471,1
22472,1
22475,1
22478,1
22482,1
22483,1
22484,1
22486,1
22492,1
22495,1
22496,1
22499,1
22516,1
22519,1
22521,1
22522,1
22524,1
22528,1
22530,1
22533,1
22534,1
22538,1
22539,1
22549,1
22553,1
22557,1
22561,1
22564,1
22570,1
22575,1
22576,1
22577,1
22580,1
22581,1
22586,1
22589,1
22592,1
22593,1
22602,1
22603,1
22609,1
22610,1
22612,1
22615,1
22616,1
22617,1
22618,1
22622,1
22625,1
22626,1
22633,1
22635,1
22640,1
22642,1
22645,1
22649,1
22654,1
22659,1
22661,1
22675,1
22679,1
22684,1
22686,1
22687,1
22696,1
22699,1
22702,1
22706,1
22707,1
22712,1
22713,1
22714,1
22715,1
22718,1
22721,1
22725,1
22727,1
22730,1
22732,1
22737,1
22739,1
22741,1
22743,1
22744,1
22745,1
22748,1
22750,1
22751,1
22756,1
22757,1
22763,1
22764,1
22766,1
22767,1
22768,1
22769,1
22770,1
22775,1
22777,1
22778,1
22779,1
22780,1
22781,1
22786,1
22793,1
22794,1
22795,1
22799,1
22800,1
22805,1
22806,1
22808,1
22809,1
22810,1
22811,1
22812,1
22818,1
22821,1
22823,1
22825,1
22826,1
22827,1
22828,1
22829,1
22830,1
22833,1
22834,1
22839,1
22840,1
22846,1
22852,1
22855,1
22856,1
22857,1
22862,1
22863,1
22864,1
22865,1
22867,1
22868,1
22869,1
22871,1
22872,1
22874,1
22875,1
22877,1
22880,1
22882,1
22883,1
22885,1
22887,1
22888,1
22889,1
22890,1
22892,1
22894,1
22899,1
22900,1
22904,1
22909,1
22913,1
22914,1
22915,1
22916,1
22922,1
22925,1
22931,1
22934,1
22937,1
22939,1
22941,1
22947,1
22948,1
22949,1
22952,1
22956,1
22962,1
22969,1
22970,1
22971,1
22974,1
22982,1
22985,1
22987,1
22992,1
22993,1
22995,1
22996,1
23001,1
23002,1
23004,1
23013,1
23014,1
23016,1
23018,1
23019,1
23030,1
23035,1
23039,1
23041,1
23043,1
23049,1
23057,1
23064,1
23066,1
23068,1
23071,1
23072,1
23077,1
23081,1
23087,1
23093,1
23094,1
23100,1
23104,1
23105,1
23110,1
23113,1
23130,1
23138,1
23142,1
23146,1
23148,1
23167,1
23186,1
23194,1
23195,1
23228,1
23229,1
23230,1
23233,1
23234,1
23241,1
23243,1
23244,1
23248,1
23254,1
23255,1
23265,1
23267,1
23270,1
23273,1
23290,1
23291,1
23305,1
23307,1
23308,1
23318,1
23330,1
23338,1
23340,1
23344,1
23346,1
23350,1
23358,1
23360,1
23363,1
23365,1
23376,1
23377,1
23380,1
23381,1
23382,1
23383,1
23384,1
23386,1
23387,1
23388,1
23389,1
23391,1
23395,1
23396,1
23397,1
23398,1
23401,1
23403,1
23408,1
23409,1
23411,1
23413,1
23416,1
23418,1
23424,1
23427,1
23429,1
23431,1
23432,1
23433,1
23435,1
23436,1
23437,1
23439,1
23445,1
23447,1
23448,1
23449,1
23450,1
23451,1
23452,1
23453,1
23455,1
23458,1
23459,1
23460,1
23461,1
23462,1
23470,1
23472,1
23475,1
23476,1
23477,1
23478,1
23480,1
23481,1
23487,1
23488,1
23490,1
23491,1
23492,1
23493,1
23494,1
23495,1
23497,1
23500,1
23504,1
23506,1
23507,1
23508,1
23512,1
23515,1
23517,1
23518,1
23519,1
23521,1
23522,1
23524,1
23525,1
23526,1
23527,1
23528,1
23529,1
23531,1
23534,1
23536,1
23539,1
23541,1
23542,1
23544,1
23546,1
23550,1
23551,1
23553,1
23554,1
23556,1
23557,1
23558,1
23559,1
23560,1
23561,1
23562,1
23563,1
23565,1
23566,1
23567,1
23569,1
23571,1
23574,1
23578,1
23582,1
23584,1
23586,1
23588,1
23592,1
23597,1
23601,1
23608,1
23609,1
23610,1
23611,1
23612,1
23613,1
23614,1
23615,1
23616,1
23617,1
23621,1
23622,1
23624,1
23626,1
23627,1
23629,1
23630,1
23631,1
23632,1
23633,1
23635,1
23637,1
23643,1
23646,1
23648,1
23649,1
23650,1
23652,1
23653,1
23660,1
23662,1
23663,1
23665,1
23670,1
23673,1
23692,1
23696,1
23697,1
23700,1
23713,1
23718,1
23720,1
23721,1
23723,1
23724,1
23729,1
23731,1
23734,1
23735,1
23736,1
23738,1
23739,1
23740,1
23742,1
23749,1
23751,1
23769,1
23776,1
23777,1
23784,1
23785,1
23786,1
23789,1
23791,1
23792,1
23797,1
23798,1
23802,1
23803,1
23805,1
23815,1
23819,1
23822,1
23825,1
23828,1
23829,1
23830,1
23831,1
23832,1
23833,1
23834,1
23835,1
23839,1
23842,1
23847,1
23849,1
23874,1
23883,1
23884,1
23886,1
23888,1
23890,1
23891,1
23900,1
23913,1
23916,1
23917,1
23919,1
23923,1
23926,1
23938,1
23940,1
23943,1
23947,1
23948,1
23952,1
23965,1
23970,1
23980,1
23982,1
23991,1
23992,1
23993,1
23994,1
23996,1
23997,1
24009,1
24012,1
24013,1
24016,1
24018,1
24019,1
24022,1
24027,1
24029,1
24030,1
24033,1
24035,1
24037,1
24038,1
24039,1
24040,1
24043,1
24046,1
24049,1
24050,1
24051,1
24052,1
24053,1
24055,1
24059,1
24061,1
24062,1
24066,1
24067,1
24070,1
24075,1
24076,1
24081,1
24086,1
24089,1
24090,1
24091,1
24093,1
24101,1
24107,1
24109,1
24111,1
24112,1
24115,1
24118,1
24119,1
24120,1
24125,1
24128,1
24131,1
24132,1
24133,1
24135,1
24140,1
24142,1
24148,1
24149,1
24151,1
24159,1
24161,1
24162,1
24163,1
24164,1
24178,1
24179,1
24180,1
24181,1
24182,1
24184,1
24185,1
24186,1
24187,1
24188,1
24189,1
24190,1
24191,1
24193,1
24195,1
24196,1
24199,1
24202,1
24207,1
24213,1
24214,1
24215,1
24218,1
24220,1
24224,1
24230,1
24231,1
24235,1
24237,1
24245,1
24246,1
24247,1
24248,1
24257,1
24258,1
24259,1
24264,1
24265,1
24266,1
24271,1
24272,1
24275,1
24278,1
24282,1
24283,1
24285,1
24287,1
24288,1
24289,1
24290,1
24291,1
24296,1
24297,1
24300,1
24304,1
24305,1
24307,1
24308,1
24310,1
24311,1
24312,1
24314,1
24315,1
24316,1
24318,1
24319,1
24321,1
24323,1
24324,1
24329,1
24330,1
24331,1
24332,1
24333,1
24335,1
24336,1
24337,1
24339,1
24340,1
24341,1
24342,1
24343,1
24344,1
24347,1
24351,1
24353,1
24357,1
24358,1
24359,1
24361,1
24365,1
24367,1
24369,1
24372,1
24373,1
24375,1
24376,1
24380,1
24382,1
24385,1
24389,1
24392,1
24394,1
24396,1
24398,1
24401,1
24403,1
24406,1
24407,1
24409,1
24412,1
24413,1
24417,1
24418,1
24422,1
24423,1
24425,1
24426,1
24427,1
24428,1
24429,1
24432,1
24433,1
24435,1
24439,1
24441,1
24444,1
24447,1
24448,1
24449,1
24450,1
24451,1
24452,1
24453,1
24455,1
24456,1
24458,1
24459,1
24460,1
24464,1
24465,1
24466,1
24467,1
24471,1
24472,1
24473,1
24478,1
24480,1
24481,1
24488,1
24489,1
24490,1
24493,1
24494,1
24499,1
24500,1
24503,1
24505,1
24508,1
24509,1
24515,1
24517,1
24524,1
24525,1
24534,1
24535,1
24536,1
24537,1
24540,1
24541,1
24542,1
24544,1
24548,1
24555,1
24560,1
24561,1
24565,1
24568,1
24571,1
24573,1
24575,1
24590,1
24591,1
24592,1
24594,1
24597,1
24598,1
24601,1
24603,1
24604,1
24605,1
24608,1
24609,1
24613,1
24614,1
24615,1
24616,1
24617,1
24618,1
24619,1
24623,1
24625,1
24634,1
24641,1
24642,1
24643,1
24646,1
24650,1
24651,1
24653,1
24656,1
24658,1
24661,1
24665,1
24666,1
24669,1
24671,1
24672,1
24674,1
24675,1
24676,1
24677,1
24680,1
24681,1
24682,1
24683,1
24684,1
24685,1
24687,1
24688,1
24693,1
24695,1
24705,1
24707,1
24708,1
24709,1
24713,1
24714,1
24715,1
24716,1
24717,1
24722,1
24724,1
24726,1
24727,1
24730,1
24731,1
24735,1
24736,1
24739,1
24742,1
24743,1
24745,1
24746,1
24754,1
24755,1
24756,1
24757,1
24758,1
24760,1
24764,1
24765,1
24773,1
24774,1
24775,1
24785,1
24787,1
24789,1
24792,1
24794,1
24796,1
24798,1
24799,1
24800,1
24801,1
24803,1
24807,1
24808,1
24816,1
24817,1
24818,1
24819,1
24820,1
24822,1
24823,1
24825,1
24826,1
24827,1
24832,1
24833,1
24835,1
24838,1
24840,1
24841,1
24845,1
24846,1
24847,1
24849,1
24853,1
24858,1
24859,1
24863,1
24864,1
24865,1
24871,1
24872,1
24876,1
24880,1
24884,1
24887,1
24892,1
24893,1
24894,1
24895,1
24898,1
24900,1
24903,1
24904,1
24906,1
24907,1
24908,1
24909,1
24910,1
24915,1
24917,1
24920,1
24921,1
24922,1
24925,1
24927,1
24930,1
24931,1
24933,1
24935,1
24936,1
24939,1
24942,1
24943,1
24944,1
24945,1
24947,1
24948,1
24949,1
24950,1
24951,1
24958,1
24962,1
24967,1
24970,1
24974,1
24976,1
24977,1
24980,1
24982,1
24984,1
24985,1
24986,1
24996,1
24999,1
25001,1
25003,1
25004,1
25006,1
25010,1
25014,1
25018,1
25022,1
25027,1
25030,1
25031,1
25032,1
25033,1
25034,1
25035,1
25036,1
25037,1
25040,1
25059,1
25062,1
25074,1
25076,1
25078,1
25079,1
25080,1
25082,1
25084,1
25085,1
25086,1
25087,1
25088,1
25096,1
25097,1
25098,1
25100,1
25101,1
25102,1
25104,1
25105,1
25106,1
25107,1
25108,1
25110,1
25114,1
25115,1
25117,1
25118,1
25119,1
25121,1
25126,1
25130,1
25134,1
25135,1
25136,1
25138,1
25139,1
25140,1
25144,1
25147,1
25151,1
25152,1
25153,1
25159,1
25160,1
25161,1
25163,1
25165,1
25166,1
25171,1
25173,1
25176,1
25179,1
25182,1
25184,1
25187,1
25192,1
25198,1
25201,1
25206,1
25209,1
25212,1
25214,1
25215,1
25216,1
25218,1
25219,1
25220,1
25225,1
25226,1
25233,1
25234,1
25235,1
25236,1
25237,1
25238,1
25239,1
25240,1
25243,1
25244,1
25246,1
25254,1
25259,1
25260,1
25265,1
25269,1
25273,1
25275,1
25276,1
25277,1
25282,1
25285,1
25286,1
25287,1
25288,1
25289,1
25290,1
25292,1
25293,1
25295,1
25296,1
25297,1
25298,1
25299,1
25300,1
25303,1
25304,1
25305,1
25307,1
25308,1
25309,1
25312,1
25313,1
25324,1
25325,1
25326,1
25327,1
25329,1
25331,1
25333,1
25334,1
25335,1
25342,1
25343,1
25345,1
25346,1
25351,1
25352,1
25353,1
25356,1
25361,1
25369,1
25375,1
25383,1
25384,1
25387,1
25391,1
25402,1
25405,1
25406,1
25407,1
25417,1
25420,1
25421,1
25423,1
25424,1
25429,1
25431,1
25436,1
25447,1
25448,1
25449,1
25451,1
25454,1
25458,1
25462,1
25463,1
25466,1
25467,1
25472,1
25475,1
25480,1
25481,1
25484,1
25486,1
25487,1
25490,1
25494,1
25496,1
25499,1
25503,1
25504,1
25505,1
25506,1
25507,1
25509,1
25511,1
25512,1
25513,1
25514,1
25515,1
25516,1
25522,1
25524,1
25525,1
25531,1
25534,1
25536,1
25539,1
25540,1
25542,1
25545,1
25551,1
25552,1
25554,1
25558,1
25562,1
25563,1
25569,1
25571,1
25577,1
25582,1
25588,1
25589,1
25590,1
25594,1
25606,1
25613,1
25615,1
25619,1
25620,1
25622,1
25623,1
25628,1
25638,1
25640,1
25644,1
25645,1
25652,1
25654,1
25658,1
25662,1
25666,1
25678,1
25681,1
25688,1
25696,1
25703,1
25705,1
25711,1
25718,1
25720,1
25722,1
25731,1
25736,1
25746,1
25747,1
25749,1
25754,1
25757,1
25758,1
25764,1
25765,1
25769,1
25771,1
25773,1
25774,1
25776,1
25778,1
25785,1
25787,1
25788,1
25793,1
25794,1
25797,1
25799,1
25805,1
25806,1
25810,1
25812,1
25816,1
25818,1
25824,1
25825,1
25826,1
25827,1
25830,1
25831,1
25836,1
25839,1
25841,1
25842,1
25844,1
25846,1
25850,1
25853,1
25854,1
25856,1
25861,1
25880,1
25884,1
25885,1
25890,1
25891,1
25892,1
25898,1
25899,1
25900,1
25903,1
25908,1
25909,1
25910,1
25911,1
25912,1
25913,1
25915,1
25918,1
25919,1
25925,1
25928,1
25933,1
25934,1
25935,1
25937,1
25941,1
25942,1
25943,1
25944,1
25945,1
25949,1
25950,1
25954,1
25955,1
25958,1
25964,1
25968,1
25970,1
25972,1
25973,1
25975,1
25976,1
25986,1
25987,1
25991,1
25992,1
25993,1
25996,1
25998,1
26000,1
26001,1
26007,1
26009,1
26011,1
26012,1
26015,1
26017,1
26020,1
26021,1
26023,1
26027,1
26028,1
26029,1
26031,1
26032,1
26039,1
26041,1
26044,1
26045,1
26049,1
26051,1
26052,1
26053,1
26054,1
26059,1
26060,1
26063,1
26066,1
26071,1
26073,1
26075,1
26080,1
26081,1
26082,1
26085,1
26086,1
26087,1
26088,1
26089,1
26092,1
26093,1
26097,1
26106,1
26107,1
26112,1
26114,1
26115,1
26118,1
26119,1
26121,1
26122,1
26124,1
26126,1
26127,1
26131,1
26132,1
26133,1
26140,1
26143,1
26144,1
26148,1
26149,1
26151,1
26152,1
26157,1
26158,1
26159,1
26161,1
26164,1
26165,1
26166,1
26171,1
26172,1
26175,1
26177,1
26178,1
26179,1
26180,1
26185,1
26187,1
26191,1
26194,1
26199,1
26201,1
26205,1
26206,1
26207,1
26210,1
26212,1
26213,1
26214,1
26215,1
26216,1
26217,1
26222,1
26223,1
26224,1
26227,1
26228,1
26230,1
26234,1
26241,1
26243,1
26244,1
26247,1
26248,1
26249,1
26254,1
26257,1
26262,1
26263,1
26264,1
26265,1
26269,1
26272,1
26274,1
26278,1
26283,1
26286,1
26290,1
26292,1
26296,1
26297,1
26300,1
26302,1
26303,1
26305,1
26308,1
26311,1
26313,1
26326,1
26329,1
26330,1
26332,1
26333,1
26336,1
26342,1
26345,1
26352,1
26354,1
26355,1
26356,1
26357,1
26359,1
26360,1
26361,1
26362,1
26363,1
26364,1
26365,1
26366,1
26367,1
26368,1
26371,1
26376,1
26377,1
26379,1
26381,1
26382,1
26383,1
26388,1
26389,1
26390,1
26391,1
26395,1
26397,1
26398,1
26399,1
26406,1
26407,1
26408,1
26410,1
26411,1
26412,1
26413,1
26414,1
26417,1
26420,1
26422,1
26423,1
26424,1
26426,1
26429,1
26431,1
26433,1
26438,1
26441,1
26446,1
26447,1
26448,1
26449,1
26451,1
26454,1
26457,1
26460,1
26462,1
26463,1
26464,1
26465,1
26466,1
26467,1
26468,1
26469,1
26470,1
26474,1
26477,1
26479,1
26480,1
26481,1
26482,1
26483,1
26485,1
26487,1
26492,1
26494,1
26495,1
26501,1
26503,1
26505,1
26507,1
26508,1
26512,1
26517,1
26519,1
26522,1
26524,1
26525,1
26528,1
26529,1
26530,1
26534,1
26537,1
26543,1
26547,1
26548,1
26550,1
26551,1
26552,1
26553,1
26555,1
26560,1
26561,1
26564,1
26566,1
26570,1
26574,1
26575,1
26576,1
26577,1
26579,1
26580,1
26584,1
26586,1
26589,1
26590,1
26594,1
26596,1
26599,1
26601,1
26604,1
26606,1
26607,1
26609,1
26611,1
26612,1
26613,1
26618,1
26619,1
26622,1
26623,1
26626,1
26627,1
26628,1
26629,1
26643,1
26646,1
26647,1
26654,1
26657,1
26658,1
26665,1
26666,1
26667,1
26674,1
26676,1
26680,1
26681,1
26684,1
26685,1
26688,1
26689,1
26690,1
26691,1
26692,1
26694,1
26696,1
26701,1
26702,1
26704,1
26705,1
26706,1
26707,1
26708,1
26713,1
26716,1
26717,1
26719,1
26723,1
26727,1
26740,1
26742,1
26743,1
26750,1
26751,1
26753,1
26755,1
26757,1
26765,1
26766,1
26767,1
26771,1
26772,1
26775,1
26779,1
26781,1
26783,1
26784,1
26786,1
26790,1
26791,1
26792,1
26797,1
26799,1
26800,1
26801,1
26803,1
26805,1
26806,1
26809,1
26810,1
26812,1
26820,1
26822,1
26824,1
26825,1
26826,1
26827,1
26829,1
26831,1
26834,1
26836,1
26837,1
26839,1
26840,1
26842,1
26847,1
26848,1
26849,1
26851,1
26855,1
26862,1
26863,1
26866,1
26873,1
26874,1
26880,1
26881,1
26884,1
26885,1
26888,1
26891,1
26892,1
26893,1
26894,1
26895,1
26898,1
26905,1
26906,1
26907,1
26908,1
26913,1
26914,1
26915,1
26917,1
26918,1
26920,1
26922,1
26928,1
26932,1
26934,1
26937,1
26941,1
26943,1
26954,1
26963,1
26964,1
26965,1
26969,1
26970,1
26972,1
26973,1
26974,1
26976,1
26977,1
26978,1
26984,1
26986,1
26987,1
26989,1
26990,1
26991,1
26995,1
26996,1
26997,1
26999,1
27000,1
27001,1
27004,1
27005,1
27006,1
27009,1
27010,1
27018,1
27022,1
27025,1
27028,1
27029,1
27032,1
27035,1
27036,1
27040,1
27047,1
27054,1
27057,1
27058,1
27060,1
27067,1
27070,1
27071,1
27073,1
27075,1
27079,1
27082,1
27083,1
27084,1
27085,1
27086,1
27088,1
27091,1
27096,1
27097,1
27101,1
27102,1
27106,1
27111,1
27112,1
27115,1
27117,1
27122,1
27129,1
27131,1
27133,1
27135,1
27138,1
27141,1
27146,1
27147,1
27148,1
27154,1
27155,1
27156,1
27159,1
27161,1
27163,1
27166,1
27167,1
27169,1
27170,1
27171,1
27177,1
27178,1
27179,1
27182,1
27184,1
27189,1
27190,1
27192,1
27193,1
27194,1
27197,1
27204,1
27206,1
27207,1
27208,1
27211,1
27224,1
27225,1
27231,1
27233,1
27234,1
27238,1
27243,1
27250,1
27251,1
27256,1
27262,1
27263,1
27264,1
27268,1
27277,1
27278,1
27280,1
27287,1
27292,1
27296,1
27298,1
27299,1
27306,1
27308,1
27310,1
27315,1
27320,1
27323,1
27329,1
27330,1
27331,1
27345,1
27347,1
27354,1
27355,1
27358,1
27359,1
27362,1
27364,1
27368,1
27370,1
27386,1
27387,1
27396,1
27397,1
27402,1
27410,1
27414,1
27421,1
27423,1
27424,1
27425,1
27427,1
27431,1
27442,1
27447,1
27448,1
27449,1
27450,1
27453,1
27454,1
27459,1
27463,1
27465,1
27468,1
27470,1
27472,1
27475,1
27476,1
27481,1
27483,1
27487,1
27489,1
27490,1
27491,1
27492,1
27494,1
27497,1
27498,1
27503,1
27507,1
27508,1
27512,1
27513,1
27515,1
27519,1
27520,1
27523,1
27524,1
27526,1
27529,1
27530,1
27531,1
27533,1
27541,1
27542,1
27544,1
27550,1
27556,1
27562,1
27563,1
27567,1
27569,1
27570,1
27571,1
27572,1
27573,1
27575,1
27578,1
27579,1
27580,1
27583,1
27584,1
27589,1
27590,1
27595,1
27597,1
27598,1
27602,1
27603,1
27604,1
27606,1
27608,1
27611,1
27615,1
27627,1
27628,1
27631,1
27635,1
27656,1
27663,1
27665,1
27667,1
27668,1
27671,1
27675,1
27683,1
27684,1
27700,1
27703,1
27704,1
27710,1
27711,1
27712,1
27713,1
27714,1
27726,1
27728,1
27733,1
27735,1
27738,1
27740,1
27741,1
27742,1
27743,1
27744,1
27746,1
27752,1
27754,1
27759,1
27760,1
27762,1
27763,1
27770,1
27773,1
27774,1
27777,1
27778,1
27779,1
27782,1
27784,1
27788,1
27789,1
27792,1
27794,1
27795,1
27798,1
27801,1
27802,1
27803,1
27809,1
27810,1
27819,1
27822,1
27825,1
27827,1
27832,1
27833,1
27834,1
27835,1
27836,1
27837,1
27838,1
27839,1
27841,1
27844,1
27845,1
27849,1
27850,1
27852,1
27859,1
27861,1
27863,1
27865,1
27866,1
27867,1
27869,1
27873,1
27874,1
27875,1
27877,1
27880,1
27882,1
27887,1
27888,1
27889,1
27891,1
27908,1
27915,1
27916,1
27922,1
27927,1
27929,1
27931,1
27934,1
27935,1
27941,1
27945,1
27946,1
27947,1
27954,1
27955,1
27957,1
27958,1
27960,1
27963,1
27965,1
27966,1
27969,1
27972,1
27973,1
27993,1
27994,1
27996,1
28003,1
28004,1
28006,1
28009,1
28010,1
28012,1
28014,1
28015,1
28020,1
28023,1
28024,1
28025,1
28037,1
28039,1
28040,1
28044,1
28046,1
28051,1
28053,1
28054,1
28057,1
28059,1
28060,1
28076,1
28079,1
28082,1
28085,1
28088,1
28092,1
28096,1
28101,1
28102,1
28103,1
28107,1
28108,1
28111,1
28113,1
28114,1
28117,1
28120,1
28121,1
28126,1
28129,1
28132,1
28134,1
28136,1
28138,1
28139,1
28140,1
28142,1
28145,1
28146,1
28147,1
28149,1
28151,1
28152,1
28153,1
28154,1
28155,1
28156,1
28165,1
28167,1
28168,1
28169,1
28170,1
28171,1
28179,1
28181,1
28185,1
28186,1
28187,1
28189,1
28191,1
28192,1
28193,1
28195,1
28196,1
28197,1
28198,1
28199,1
28201,1
28203,1
28204,1
28205,1
28206,1
28207,1
28216,1
28217,1
28218,1
28220,1
28222,1
28227,1
28234,1
28237,1
28238,1
28246,1
28248,1
28251,1
28252,1
28255,1
28263,1
28267,1
28270,1
28271,1
28274,1
28278,1
28286,1
28287,1
28288,1
28290,1
28300,1
28303,1
28304,1
28310,1
28312,1
28316,1
28317,1
28319,1
28322,1
28325,1
28330,1
28335,1
28338,1
28342,1
28343,1
28346,1
28349,1
28351,1
28354,1
28356,1
28357,1
28361,1
28363,1
28364,1
28369,1
28371,1
28372,1
28373,1
28381,1
28382,1
28396,1
28399,1
28402,1
28404,1
28407,1
28408,1
28414,1
28415,1
28417,1
28418,1
28422,1
28425,1
28431,1
28433,1
28435,1
28436,1
28437,1
28448,1
28450,1
28451,1
28459,1
28460,1
28465,1
28466,1
28472,1
28478,1
28479,1
28481,1
28485,1
28497,1
28500,1
28504,1
28507,1
28508,1
28511,1
28516,1
28518,1
28525,1
28526,1
28527,1
28528,1
28532,1
28536,1
28538,1
28540,1
28544,1
28545,1
28546,1
28548,1
28550,1
28552,1
28558,1
28561,1
28567,1
28577,1
28579,1
28580,1
28586,1
28593,1
28595,1
28597,1
28601,1
28608,1
28609,1
28610,1
28611,1
28614,1
28628,1
28629,1
28632,1
28635,1
28639,1
28640,1
28641,1
28644,1
28651,1
28652,1
28654,1
28655,1
28657,1
28659,1
28661,1
28662,1
28666,1
28670,1
28673,1
28677,1
28678,1
28679,1
28681,1
28683,1
28687,1
28689,1
28693,1
28696,1
28698,1
28699,1
28701,1
28702,1
28703,1
28710,1
28711,1
28712,1
28716,1
28720,1
28722,1
28734,1
28748,1
28753,1
28760,1
28771,1
28779,1
28783,1
28784,1
28792,1
28796,1
28797,1
28805,1
28809,1
28810,1
28814,1
28818,1
28825,1
28843,1
28844,1
28845,1
28846,1
28847,1
28851,1
28856,1
28857,1
28858,1
28859,1
28872,1
28875,1
28879,1
28889,1
28893,1
28895,1
28913,1
28921,1
28925,1
28932,1
28937,1
28943,1
28948,1
28953,1
28954,1
28956,1
28961,1
28966,1
28976,1
28982,1
28988,1
28998,1
28999,1
29001,1
29004,1
29006,1
29013,1
29014,1
29017,1
29020,1
29026,1
29028,1
29029,1
29030,1
29031,1
29033,1
29036,1
29038,1
29053,1
29060,1
29064,1
29066,1
29071,1
29076,1
29077,1
29081,1
29087,1
29096,1
29100,1
29105,1
29113,1
29118,1
29121,1
29123,1
29128,1
29129,1
29134,1
29136,1
29138,1
29140,1
29141,1
29143,1
29151,1
29152,1
29157,1
29158,1
29159,1
29164,1
29165,1
29166,1
29173,1
29177,1
29179,1
29180,1
29182,1
29183,1
29190,1
29197,1
29200,1
29211,1
29224,1
29226,1
29228,1
29229,1
29232,1
29234,1
29237,1
29238,1
29242,1
29243,1
29244,1
29245,1
29246,1
29247,1
29248,1
29254,1
29255,1
29256,1
29259,1
29260,1
29266,1
29272,1
29273,1
29275,1
29277,1
29279,1
29281,1
29282,1
29287,1
29289,1
29298,1
29300,1
29305,1
29309,1
29310,1
29312,1
29313,1
29314,1
29319,1
29330,1
29334,1
29344,1
29346,1
29351,1
29356,1
29359,1
29361,1
29362,1
29366,1
29369,1
29374,1
29378,1
29379,1
29380,1
29382,1
29390,1
29392,1
29394,1
29399,1
29401,1
29403,1
29408,1
29409,1
29410,1
29417,1
29420,1
29421,1
29431,1
29432,1
29433,1
29436,1
29437,1
29450,1
29462,1
29463,1
29467,1
29468,1
29469,1
29471,1
29476,1
29477,1
29481,1
29482,1
29483,1
29486,1
29487,1
29492,1
29494,1
29495,1
29502,1
29503,1
29508,1
29509,1
29518,1
29519,1
29527,1
29539,1
29544,1
29546,1
29552,1
29554,1
29557,1
29559,1
29560,1
29562,1
29563,1
29572,1
29575,1
29577,1
29579,1
29590,1
29609,1
29618,1
29619,1
29627,1
29629,1
29632,1
29634,1
29640,1
29641,1
29642,1
29645,1
29646,1
29650,1
29654,1
29662,1
29664,1
29667,1
29669,1
29674,1
29677,1
29678,1
29681,1
29685,1
29688,1
29694,1
29699,1
29701,1
29702,1
29703,1
29705,1
29730,1
29733,1
29734,1
29737,1
29738,1
29742,1
29746,1
29747,1
29748,1
29749,1
29750,1
29754,1
29759,1
29761,1
29781,1
29785,1
29786,1
29787,1
29788,1
29790,1
29791,1
29792,1
29795,1
29796,1
29801,1
29802,1
29807,1
29808,1
29811,1
29814,1
29822,1
29827,1
29833,1
29835,1
29854,1
29855,1
29858,1
29863,1
29872,1
29885,1
29898,1
29903,1
29908,1
29916,1
29920,1
29922,1
29923,1
29926,1
29927,1
29929,1
29934,1
29936,1
29937,1
29938,1
29942,1
29943,1
29944,1
29953,1
29955,1
29956,1
29957,1
29964,1
29965,1
29966,1
29969,1
29971,1
29973,1
29976,1
29978,1
29980,1
29982,1
29983,1
29987,1
29989,1
29990,1
29992,1
29995,1
29996,1
29999,1
30000,1
30001,1
30002,1
30003,1
30007,1
30008,1
30010,1
30011,1
30012,1
30020,1
30022,1
30025,1
30026,1
30027,1
30028,1
30029,1
30031,1
30033,1
30036,1
30041,1
30042,1
30043,1
30044,1
30045,1
30048,1
30050,1
30052,1
30053,1
30054,1
30055,1
30057,1
30058,1
30059,1
30061,1
30063,1
30064,1
30067,1
30068,1
30070,1
30071,1
30072,1
30079,1
30082,1
30086,1
30087,1
30089,1
30090,1
30091,1
30094,1
30095,1
30097,1
30100,1
30106,1
30109,1
30115,1
30117,1
30123,1
30129,1
30130,1
30131,1
30133,1
30136,1
30137,1
30140,1
30141,1
30142,1
30146,1
30147,1
30149,1
30151,1
30154,1
30157,1
30162,1
30164,1
30165,1
30168,1
30169,1
30171,1
30174,1
30178,1
30179,1
30185,1
30192,1
30194,1
30195,1
30196,1
30202,1
30204,1
30206,1
30207,1
30209,1
30217,1
30219,1
30221,1
30239,1
30240,1
30241,1
30242,1
30244,1
30247,1
30256,1
30260,1
30267,1
30274,1
30278,1
30279,1
30280,1
30284,1
30290,1
30294,1
30296,1
30300,1
30305,1
30306,1
30311,1
30312,1
30313,1
30314,1
30316,1
30320,1
30322,1
30326,1
30328,1
30330,1
30331,1
30332,1
30333,1
30334,1
30336,1
30338,1
30339,1
30340,1
30342,1
30343,1
30344,1
30347,1
30350,1
30352,1
30355,1
30358,1
30361,1
30362,1
30363,1
30364,1
30366,1
30374,1
30382,1
30384,1
30388,1
30391,1
30392,1
30393,1
30394,1
30399,1
30402,1
30403,1
30406,1
30408,1
30410,1
30413,1
30418,1
30422,1
30423,1
30427,1
30428,1
30430,1
30431,1
30433,1
30435,1
30436,1
30437,1
30439,1
30442,1
30446,1
30450,1
30452,1
30456,1
30459,1
30462,1
30465,1
30468,1
30471,1
30472,1
30473,1
30475,1
30476,1
30491,1
30494,1
30495,1
30496,1
30500,1
30501,1
30502,1
30505,1
30519,1
30520,1
30522,1
30524,1
30528,1
30534,1
30535,1
30554,1
30555,1
30561,1
30562,1
30563,1
30565,1
30566,1
30568,1
30571,1
30585,1
30590,1
30591,1
30603,1
30606,1
30609,1
30622,1
30624,1
30629,1
30636,1
30637,1
30640,1
30643,1
30646,1
30649,1
30651,1
30652,1
30653,1
30655,1
30663,1
30669,1
30679,1
30682,1
30683,1
30684,1
30690,1
30691,1
30693,1
30695,1
30697,1
30701,1
30702,1
30703,1
30707,1
30716,1
30722,1
30732,1
30738,1
30740,1
30741,1
30752,1
30753,1
30757,1
30758,1
30759,1
30770,1
30772,1
30778,1
30783,1
30789,1
30798,1
30813,1
30820,1
30827,1
30828,1
30831,1
30834,1
30836,1
30842,1
30844,1
30849,1
30854,1
30855,1
30860,1
30861,1
30862,1
30865,1
30867,1
30869,1
30871,1
30874,1
30883,1
30887,1
30889,1
30890,1
30895,1
30901,1
30906,1
30908,1
30910,1
30913,1
30917,1
30918,1
30922,1
30923,1
30928,1
30929,1
30932,1
30938,1
30951,1
30952,1
30956,1
30959,1
30964,1
30973,1
30977,1
30983,1
30990,1
30993,1
30994,1
31001,1
31014,1
31018,1
31019,1
31020,1
31024,1
31034,1
31036,1
31038,1
31040,1
31041,1
31047,1
31048,1
31049,1
31056,1
31059,1
31061,1
31062,1
31063,1
31066,1
31069,1
31070,1
31071,1
31072,1
31074,1
31077,1
31080,1
31085,1
31095,1
31098,1
31103,1
31104,1
31105,1
31108,1
31109,1
31114,1
31117,1
31118,1
31119,1
31124,1
31131,1
31133,1
31142,1
31143,1
31146,1
31150,1
31152,1
31153,1
31155,1
31161,1
31162,1
31165,1
31166,1
31167,1
31168,1
31169,1
31177,1
31179,1
31185,1
31186,1
31189,1
31192,1
31199,1
31201,1
31203,1
31204,1
31206,1
31207,1
31209,1
31212,1
31216,1
31227,1
31232,1
31240,1
31243,1
31245,1
31246,1
31252,1
31255,1
31256,1
31257,1
31258,1
31260,1
31263,1
31264,1
31278,1
31281,1
31282,1
31287,1
31291,1
31292,1
31293,1
31294,1
31295,1
31296,1
31298,1
31299,1
31302,1
31305,1
31309,1
31310,1
31311,1
31312,1
31319,1
31329,1
31330,1
31331,1
31337,1
31339,1
31344,1
31348,1
31350,1
31353,1
31354,1
31357,1
31359,1
31361,1
31363,1
31364,1
31368,1
31378,1
31379,1
31381,1
31382,1
31383,1
31384,1
31391,1
31401,1
31402,1
31406,1
31407,1
31408,1
31414,1
31418,1
31423,1
31427,1
31428,1
31429,1
31431,1
31432,1
31434,1
31435,1
31437,1
31439,1
31441,1
31442,1
31443,1
31445,1
31449,1
31450,1
31452,1
31453,1
31455,1
31456,1
31457,1
31458,1
31459,1
31461,1
31462,1
31463,1
31466,1
31467,1
31469,1
31471,1
31472,1
31478,1
31480,1
31481,1
31482,1
31487,1
31490,1
31492,1
31494,1
31496,1
31498,1
31499,1
31503,1
31505,1
31512,1
31513,1
31515,1
31518,1
31520,1
31525,1
31526,1
31528,1
31532,1
31539,1
31541,1
31542,1
31545,1
31557,1
31558,1
31560,1
31561,1
31563,1
31564,1
31565,1
31567,1
31568,1
31569,1
31570,1
31572,1
31574,1
31581,1
31589,1
31591,1
31596,1
31598,1
31600,1
31601,1
31604,1
31605,1
31610,1
31622,1
31623,1
31627,1
31629,1
31631,1
31634,1
31636,1
31637,1
31639,1
31640,1
31641,1
31642,1
31644,1
31645,1
31646,1
31647,1
31649,1
31658,1
31661,1
31665,1
31668,1
31672,1
31680,1
31681,1
31684,1
31686,1
31687,1
31689,1
31691,1
31692,1
31695,1
31709,1
31712,1
31716,1
31717,1
31718,1
31721,1
31725,1
31731,1
31734,1
31735,1
31744,1
31751,1
31757,1
31761,1
31762,1
31763,1
31764,1
31767,1
31774,1
31775,1
31777,1
31779,1
31783,1
31786,1
31787,1
31799,1
31800,1
31805,1
31806,1
31807,1
31808,1
31811,1
31820,1
31821,1
31823,1
31824,1
31828,1
31830,1
31832,1
31839,1
31840,1
31844,1
31845,1
31852,1
31859,1
31861,1
31870,1
31873,1
31874,1
31875,1
31881,1
31883,1
31885,1
31888,1
31890,1
31893,1
31895,1
31896,1
31899,1
31903,1
31905,1
31906,1
31908,1
31909,1
31911,1
31912,1
31915,1
31917,1
31918,1
31921,1
31922,1
31923,1
31929,1
31933,1
31934,1
31936,1
31938,1
31941,1
31946,1
31950,1
31954,1
31958,1
31960,1
31964,1
31966,1
31967,1
31968,1
31970,1
31975,1
31983,1
31986,1
31988,1
31990,1
31992,1
31994,1
31995,1
31998,1
32000,1
32002,1
32004,1
32005,1
32006,1
32010,1
32011,1
32013,1
32016,1
32020,1
32021,1
32023,1
32024,1
32025,1
32026,1
32027,1
32028,1
32032,1
32033,1
32034,1
32043,1
32044,1
32046,1
32047,1
32048,1
32050,1
32051,1
32053,1
32057,1
32058,1
32063,1
32066,1
32067,1
32068,1
32069,1
32070,1
32072,1
32075,1
32076,1
32078,1
32079,1
32080,1
32086,1
32091,1
32094,1
32097,1
32098,1
32099,1
32102,1
32104,1
32110,1
32113,1
32114,1
32115,1
32117,1
32118,1
32121,1
32125,1
32137,1
32143,1
32147,1
32153,1
32154,1
32155,1
32156,1
32159,1
32160,1
32162,1
32163,1
32171,1
32172,1
32173,1
32174,1
32175,1
32176,1
32177,1
32178,1
32180,1
32181,1
32183,1
32184,1
32186,1
32187,1
32189,1
32190,1
32191,1
32199,1
32202,1
32203,1
32207,1
32209,1
32210,1
32213,1
32214,1
32216,1
32218,1
32220,1
32221,1
32222,1
32224,1
32225,1
32228,1
32232,1
32233,1
32236,1
32239,1
32242,1
32244,1
32251,1
32257,1
32260,1
32261,1
32265,1
32266,1
32267,1
32274,1
32283,1
32286,1
32287,1
32289,1
32290,1
32291,1
32294,1
32299,1
32302,1
32305,1
32306,1
32309,1
32311,1
32313,1
32314,1
32315,1
32317,1
32318,1
32321,1
32323,1
32326,1
32330,1
32331,1
32333,1
32338,1
32340,1
32341,1
32342,1
32345,1
32346,1
32349,1
32350,1
32353,1
32358,1
32359,1
32361,1
32362,1
32363,1
32365,1
32368,1
32377,1
32379,1
32380,1
32381,1
32383,1
32386,1
32387,1
32392,1
32393,1
32394,1
32396,1
32398,1
32399,1
32400,1
32402,1
32403,1
32404,1
32406,1
32411,1
32412,1
32566,1
32568,1
32570,1
32581,1
32583,1
32588,1
32589,1
32590,1
32592,1
32593,1
32596,1
32597,1
32600,1
32607,1
32608,1
32615,1
32616,1
32617,1
32618,1
32619,1
32622,1
32624,1
32626,1
32629,1
32631,1
32632,1
32633,1
32642,1
32643,1
32645,1
32646,1
32647,1
32648,1
32650,1
32652,1
32654,1
32660,1
32666,1
32669,1
32670,1
32673,1
32675,1
32676,1
32680,1
32681,1
32686,1
32687,1
32690,1
32694,1
32696,1
32697,1
32701,1
32705,1
32709,1
32710,1
32714,1
32716,1
32722,1
32724,1
32725,1
32736,1
32737,1
32742,1
32745,1
32747,1
32752,1
32755,1
32761,1
32763,1
32764,1
32768,1
32769,1
32771,1
32772,1
32773,1
32774,1
32779,1
32780,1
32784,1
32786,1
32789,1
32791,1
32792,1
32793,1
32796,1
32801,1
32808,1
32819,1
32822,1
32827,1
32829,1
32831,1
32838,1
32842,1
32850,1
32854,1
32856,1
32858,1
32862,1
32863,1
32865,1
32866,1
32872,1
32879,1
32880,1
32882,1
32883,1
32884,1
32886,1
32887,1
32889,1
32893,1
32894,1
32895,1
32900,1
32901,1
32902,1
32903,1
32905,1
32907,1
32908,1
32915,1
32918,1
32920,1
32922,1
32923,1
32925,1
32929,1
32930,1
32933,1
32937,1
32938,1
32940,1
32941,1
32943,1
32945,1
32946,1
32948,1
32954,1
32963,1
32964,1
32966,1
32972,1
32974,1
32982,1
32985,1
32986,1
32987,1
32989,1
32990,1
32993,1
32996,1
32997,1
33007,1
33009,1
33012,1
33016,1
33020,1
33021,1
33026,1
33029,1
33030,1
33031,1
33032,1
33033,1
33034,1
33050,1
33051,1
33059,1
33065,1
33071,1
33073,1
33075,1
33081,1
33086,1
33094,1
33099,1
33102,1
33104,1
33105,1
33107,1
33108,1
33109,1
33119,1
33125,1
33126,1
33131,1
33134,1
33136,1
33137,1
33140,1
33144,1
33145,1
33146,1
33151,1
33152,1
33154,1
33155,1
33160,1
33162,1
33167,1
33171,1
33173,1
33178,1
33180,1
33181,1
33184,1
33187,1
33188,1
33192,1
33193,1
33200,1
33203,1
33205,1
33208,1
33210,1
33213,1
33214,1
33215,1
33216,1
33218,1
33222,1
33224,1
33225,1
33229,1
33233,1
33235,1
33240,1
33241,1
33242,1
33247,1
33248,1
33251,1
33253,1
33255,1
33256,1
33258,1
33261,1
33267,1
33268,1
33274,1
33275,1
33276,1
33278,1
33281,1
33282,1
33285,1
33287,1
33288,1
33289,1
33290,1
33292,1
33293,1
33294,1
33296,1
33298,1
33302,1
33303,1
33304,1
33307,1
33308,1
33310,1
33311,1
33321,1
33322,1
33323,1
33324,1
33326,1
33331,1
33333,1
33334,1
33335,1
33336,1
33337,1
33344,1
33351,1
33368,1
33369,1
33370,1
33373,1
33375,1
33378,1
33380,1
33382,1
33384,1
33386,1
33387,1
33390,1
33391,1
33393,1
33394,1
33398,1
33399,1
33400,1
33406,1
33419,1
33421,1
33426,1
33433,1
33437,1
33439,1
33445,1
33446,1
33451,1
33452,1
33453,1
33455,1
33457,1
33459,1
33464,1
33465,1
33467,1
33469,1
33477,1
33489,1
33490,1
33491,1
33492,1
33495,1
33497,1
33499,1
33500,1
33502,1
33503,1
33505,1
33507,1
33509,1
33510,1
33511,1
33515,1
33521,1
33523,1
33524,1
33529,1
33530,1
33531,1
33537,1
33538,1
33539,1
33540,1
33541,1
33542,1
33545,1
33550,1
33558,1
33559,1
33560,1
33564,1
33571,1
33576,1
33579,1
33583,1
33585,1
33586,1
33588,1
33589,1
33590,1
33592,1
33593,1
33600,1
33605,1
33606,1
33609,1
33610,1
33615,1
33616,1
33618,1
33624,1
33634,1
33651,1
33653,1
33655,1
33659,1
33660,1
33663,1
33669,1
33671,1
33673,1
33674,1
33678,1
33683,1
33686,1
33690,1
33694,1
33695,1
33696,1
33698,1
33704,1
33706,1
33707,1
33713,1
33717,1
33725,1
33729,1
33733,1
33735,1
33738,1
33740,1
33742,1
33747,1
33750,1
33752,1
33756,1
33759,1
33760,1
33769,1
33771,1
33775,1
33776,1
33777,1
33778,1
33780,1
33782,1
33783,1
33787,1
33789,1
33795,1
33796,1
33799,1
33802,1
33803,1
33804,1
33805,1
33806,1
33811,1
33824,1
33826,1
33833,1
33834,1
33836,1
33841,1
33845,1
33848,1
33852,1
33853,1
33862,1
33864,1
33865,1
33870,1
33879,1
33883,1
33889,1
33890,1
33891,1
33894,1
33897,1
33899,1
33900,1
33901,1
33902,1
33903,1
33905,1
33909,1
33911,1
33913,1
33914,1
33922,1
33924,1
33931,1
33936,1
33940,1
33945,1
33948,1
33951,1
33953,1
33965,1
33970,1
33972,1
33976,1
33977,1
33979,1
33980,1
33983,1
33985,1
33988,1
33990,1
33993,1
33994,1
33995,1
33997,1
34000,1
34001,1
34006,1
34009,1
34010,1
34012,1
34028,1
34030,1
34036,1
34044,1
34047,1
34048,1
34054,1
34065,1
34067,1
34068,1
34069,1
34071,1
34072,1
34074,1
34079,1
34081,1
34083,1
34086,1
34092,1
34093,1
34101,1
34109,1
34110,1
34112,1
34113,1
34115,1
34120,1
34121,1
34122,1
34123,1
34126,1
34131,1
34133,1
34135,1
34136,1
34137,1
34138,1
34147,1
34152,1
34153,1
34154,1
34155,1
34157,1
34167,1
34174,1
34176,1
34180,1
34183,1
34184,1
34186,1
34192,1
34193,1
34196,1
34199,1
34201,1
34203,1
34204,1
34212,1
34214,1
34216,1
34217,1
34218,1
34219,1
34220,1
34222,1
34223,1
34224,1
34233,1
34234,1
34241,1
34249,1
34253,1
34255,1
34256,1
34261,1
34268,1
34269,1
34276,1
34277,1
34281,1
34282,1
34295,1
34297,1
34298,1
34299,1
34302,1
34306,1
34310,1
34311,1
34314,1
34315,1
34323,1
34326,1
34327,1
34330,1
34338,1
34349,1
34351,1
34352,1
34367,1
34381,1
34382,1
34384,1
34388,1
34389,1
34394,1
34396,1
34398,1
34399,1
34407,1
34411,1
34417,1
34425,1
34427,1
34442,1
34443,1
34444,1
34451,1
34453,1
34467,1
34468,1
34473,1
34474,1
34475,1
34479,1
34480,1
34486,1
34500,1
34502,1
34503,1
34505,1
34507,1
34509,1
34510,1
34516,1
34521,1
34523,1
34526,1
34527,1
34532,1
34537,1
34540,1
34541,1
34542,1
34543,1
34552,1
34553,1
34555,1
34558,1
34560,1
34562,1
34563,1
34566,1
34568,1
34569,1
34570,1
34573,1
34577,1
34578,1
34584,1
34586,1
34588,1
34597,1
34601,1
34612,1
34615,1
34619,1
34623,1
34633,1
34635,1
34636,1
34638,1
34643,1
34645,1
34647,1
34649,1
34655,1
34656,1
34659,1
34662,1
34664,1
34666,1
34670,1
34676,1
34678,1
34680,1
34687,1
34690,1
34701,1
34719,1
34722,1
34731,1
34735,1
34739,1
34746,1
34747,1
34749,1
34752,1
34756,1
34758,1
34759,1
34763,1
34768,1
34770,1
34784,1
34796,1
34799,1
34802,1
34806,1
34807,1
34809,1
34811,1
34814,1
34821,1
34823,1
34829,1
34830,1
34831,1
34833,1
34837,1
34838,1
34847,1
34849,1
34850,1
34851,1
34855,1
34865,1
34870,1
34873,1
34875,1
34880,1
34882,1
34884,1
34886,1
34892,1
34893,1
34898,1
34899,1
34903,1
34905,1
34907,1
34909,1
34910,1
34913,1
34914,1
34915,1
34920,1
34923,1
34928,1
34930,1
34933,1
34935,1
34941,1
34942,1
34943,1
34945,1
34946,1
34952,1
34955,1
34957,1
34962,1
34966,1
34967,1
34969,1
34974,1
34978,1
34980,1
34987,1
34990,1
34992,1
34993,1
34996,1
34997,1
34999,1
35007,1
35009,1
35010,1
35011,1
35012,1
35013,1
35023,1
35028,1
35029,1
35032,1
35033,1
35036,1
35037,1
35039,1
35041,1
35048,1
35058,1
35059,1
35060,1
35061,1
35064,1
35065,1
35068,1
35069,1
35070,1
35074,1
35076,1
35079,1
35082,1
35084,1
35088,1
35090,1
35091,1
35100,1
35101,1
35102,1
35109,1
35114,1
35115,1
35126,1
35128,1
35131,1
35137,1
35139,1
35140,1
35148,1
35149,1
35158,1
35166,1
35167,1
35168,1
35172,1
35174,1
35178,1
35181,1
35183,1
35186,1
35188,1
35191,1
35198,1
35199,1
35201,1
35203,1
35206,1
35207,1
35208,1
35210,1
35211,1
35215,1
35219,1
35222,1
35223,1
35224,1
35226,1
35233,1
35238,1
35239,1
35241,1
35242,1
35244,1
35247,1
35250,1
35251,1
35258,1
35261,1
35263,1
35264,1
35282,1
35290,1
35292,1
35293,1
35299,1
35302,1
35303,1
35316,1
35320,1
35328,1
35330,1
35331,1
35336,1
35338,1
35340,1
35342,1
35344,1
35346,1
35347,1
35350,1
35351,1
35352,1
35355,1
35357,1
35359,1
35363,1
35365,1
35370,1
35373,1
35377,1
35379,1
35380,1
35382,1
35383,1
35386,1
35387,1
35388,1
35393,1
35398,1
35400,1
35408,1
35409,1
35410,1
35412,1
35413,1
35419,1
35422,1
35424,1
35426,1
35427,1
35430,1
35433,1
35435,1
35436,1
35437,1
35438,1
35440,1
35441,1
35442,1
35443,1
35449,1
35452,1
35458,1
35460,1
35461,1
35463,1
35465,1
35468,1
35469,1
35473,1
35475,1
35477,1
35480,1
35482,1
35486,1
35488,1
35489,1
35491,1
35492,1
35493,1
35494,1
35495,1
35496,1
35500,1
35501,1
35504,1
35506,1
35513,1
35516,1
35518,1
35519,1
35522,1
35524,1
35527,1
35531,1
35532,1
35533,1
35535,1
35538,1
35542,1
35546,1
35547,1
35548,1
35550,1
35551,1
35552,1
35553,1
35554,1
35556,1
35558,1
35559,1
35563,1
35565,1
35566,1
35569,1
35571,1
35574,1
35575,1
35576,1
35578,1
35582,1
35584,1
35585,1
35586,1
35588,1
35591,1
35596,1
35598,1
35600,1
35604,1
35606,1
35607,1
35609,1
35610,1
35611,1
35613,1
35616,1
35617,1
35622,1
35624,1
35627,1
35628,1
35635,1
35641,1
35646,1
35649,1
35657,1
35660,1
35662,1
35663,1
35667,1
35670,1
35672,1
35674,1
35675,1
35676,1
35679,1
35686,1
35691,1
35692,1
35695,1
35696,1
35697,1
35698,1
35700,1
35703,1
35709,1
35711,1
35712,1
35715,1
35722,1
35724,1
35726,1
35728,1
35730,1
35731,1
35734,1
35737,1
35738,1
35895,1
35898,1
35903,1
35905,1
35910,1
35912,1
35914,1
35916,1
35918,1
35920,1
35925,1
35930,1
35937,1
35938,1
35946,1
35947,1
35948,1
35960,1
35961,1
35962,1
35964,1
35970,1
35973,1
35977,1
35978,1
35980,1
35981,1
35982,1
35988,1
35992,1
35997,1
35998,1
36000,1
36001,1
36002,1
36007,1
36008,1
36009,1
36010,1
36011,1
36012,1
36013,1
36014,1
36015,1
36016,1
36018,1
36019,1
36020,1
36022,1
36023,1
36024,1
36027,1
36028,1
36029,1
36031,1
36032,1
36033,1
36034,1
36035,1
36036,1
36039,1
36040,1
36042,1
36045,1
36046,1
36049,1
36051,1
36058,1
36059,1
36060,1
36062,1
36064,1
36066,1
36067,1
36068,1
36070,1
36074,1
36077,1
36080,1
36084,1
36090,1
36091,1
36092,1
36093,1
36100,1
36101,1
36103,1
36104,1
36106,1
36107,1
36109,1
36111,1
36112,1
36114,1
36115,1
36116,1
36118,1
36196,1
36198,1
36199,1
36203,1
36205,1
36208,1
36209,1
36211,1
36212,1
36214,1
36215,1
36225,1
36229,1
36234,1
36249,1
36259,1
36264,1
36275,1
36282,1
36286,1
36290,1
36299,1
36300,1
36303,1
36310,1
36314,1
36315,1
36317,1
36319,1
36321,1
36323,1
36328,1
36330,1
36331,1
36335,1
36339,1
36341,1
36348,1
36351,1
36360,1
36361,1
36362,1
36367,1
36368,1
36381,1
36382,1
36383,1
36394,1
36400,1
36404,1
36405,1
36418,1
36420,1
36423,1
36424,1
36425,1
36426,1
36428,1
36432,1
36437,1
36441,1
36447,1
36448,1
36451,1
36452,1
36466,1
36468,1
36470,1
36476,1
36481,1
36484,1
36485,1
36487,1
36490,1
36491,1
36493,1
36497,1
36499,1
36500,1
36505,1
36513,1
36522,1
36523,1
36524,1
36527,1
36528,1
36529,1
36542,1
36544,1
36549,1
36550,1
36552,1
36554,1
36555,1
36556,1
36557,1
36559,1
36562,1
36571,1
36575,1
36578,1
36579,1
36587,1
36600,1
36603,1
36604,1
36605,1
36606,1
36611,1
36613,1
36617,1
36618,1
36620,1
36626,1
36627,1
36628,1
36629,1
36633,1
36635,1
36636,1
36637,1
36639,1
36646,1
36649,1
36650,1
36655,1
36659,1
36664,1
36665,1
36667,1
36670,1
36671,1
36674,1
36676,1
36677,1
36678,1
36681,1
36684,1
36685,1
36686,1
36695,1
36700,1
36703,1
36705,1
36706,1
36707,1
36708,1
36763,1
36764,1
36766,1
36767,1
36771,1
36775,1
36776,1
36781,1
36782,1
36783,1
36784,1
36785,1
36786,1
36791,1
36794,1
36795,1
36796,1
36799,1
36802,1
36804,1
36805,1
36814,1
36817,1
36820,1
36826,1
36834,1
36837,1
36838,1
36841,1
36842,1
36843,1
36845,1
36847,1
36848,1
36852,1
36855,1
36856,1
36857,1
36858,1
36861,1
36864,1
36865,1
36867,1
36869,1
36870,1
36875,1
36877,1
36878,1
36879,1
36880,1
36881,1
36883,1
36884,1
36885,1
36886,1
36887,1
36889,1
36890,1
36893,1
36894,1
36895,1
36896,1
36897,1
36898,1
36899,1
36903,1
36910,1
36913,1
36914,1
36917,1
36918,1
36920,1
36921,1
36924,1
36926,1
36929,1
36930,1
36933,1
36935,1
36937,1
36938,1
36939,1
36941,1
36942,1
36943,1
36944,1
36945,1
36946,1
36947,1
36948,1
36949,1
36950,1
36952,1
36953,1
36956,1
36958,1
36960,1
36961,1
36963,1
36965,1
36967,1
36968,1
36969,1
36973,1
36974,1
36975,1
36978,1
36981,1
36982,1
36983,1
36984,1
36986,1
36988,1
36989,1
36991,1
36992,1
36993,1
36994,1
36995,1
36996,1
36999,1
37001,1
37002,1
37007,1
37009,1
37027,1
37030,1
37032,1
37034,1
37039,1
37041,1
37045,1
37048,1
37057,1
37066,1
37070,1
37083,1
37086,1
37089,1
37090,1
37092,1
37096,1
37101,1
37109,1
37111,1
37117,1
37122,1
37138,1
37141,1
37145,1
37159,1
37165,1
37168,1
37170,1
37193,1
37194,1
37195,1
37196,1
37197,1
37198,1
37202,1
37204,1
37206,1
37208,1
37218,1
37219,1
37221,1
37225,1
37226,1
37228,1
37234,1
37235,1
37237,1
37239,1
37240,1
37250,1
37255,1
37257,1
37259,1
37261,1
37264,1
37266,1
37271,1
37276,1
37282,1
37284,1
37290,1
37291,1
37292,1
37295,1
37297,1
37300,1
37301,1
37304,1
37306,1
37312,1
37313,1
37318,1
37319,1
37320,1
37321,1
37323,1
37324,1
37325,1
37326,1
37327,1
37328,1
37329,1
37334,1
37335,1
37336,1
37338,1
37339,1
37340,1
37341,1
37342,1
37343,1
37345,1
37347,1
37348,1
37349,1
37350,1
37351,1
37357,1
37358,1
37365,1
37366,1
37372,1
37375,1
37382,1
37386,1
37389,1
37390,1
37392,1
37393,1
37396,1
37397,1
37406,1
37417,1
37420,1
37428,1
37431,1
37433,1
37434,1
37436,1
37439,1
37440,1
37444,1
37445,1
37448,1
37449,1
37451,1
37454,1
37456,1
37457,1
37463,1
37465,1
37466,1
37467,1
37470,1
37474,1
37476,1
37478,1
37479,1
37489,1
37495,1
37496,1
37502,1
37504,1
37507,1
37509,1
37512,1
37521,1
37523,1
37525,1
37526,1
37528,1
37530,1
37531,1
37532,1
37543,1
37549,1
37559,1
37561,1
37583,1
37584,1
37586,1
37587,1
37589,1
37591,1
37593,1
37600,1
37604,1
37607,1
37609,1
37610,1
37613,1
37618,1
37619,1
37624,1
37625,1
37626,1
37627,1
37628,1
37631,1
37634,1
37638,1
37647,1
37648,1
37656,1
37657,1
37658,1
37661,1
37662,1
37664,1
37665,1
37666,1
37667,1
37669,1
37670,1
37672,1
37675,1
37676,1
37678,1
37679,1
37682,1
37685,1
37690,1
37691,1
37700,1
37704,1
37707,1
37709,1
37716,1
37718,1
37719,1
37723,1
37724,1
37728,1
37740,1
37742,1
37744,1
37749,1
37756,1
37758,1
37772,1
37780,1
37782,1
37783,1
37786,1
37796,1
37799,1
37804,1
37805,1
37806,1
37808,1
37817,1
37827,1
37830,1
37832,1
37840,1
37841,1
37846,1
37847,1
37848,1
37853,1
37854,1
37857,1
37860,1
37861,1
37864,1
37880,1
37891,1
37895,1
37904,1
37907,1
37908,1
37912,1
37913,1
37914,1
37921,1
37931,1
37937,1
37941,1
37942,1
37944,1
37946,1
37953,1
37956,1
37957,1
37960,1
37969,1
37970,1
37971,1
37978,1
37979,1
37982,1
37984,1
37986,1
37994,1
38000,1
38005,1
38007,1
38012,1
38013,1
38014,1
38015,1
38017,1
38263,1
38272,1
38274,1
38275,1
38279,1
38281,1
38282,1
38283,1
38287,1
38289,1
38290,1
38291,1
38292,1
38294,1
38296,1
38297,1
38304,1
38306,1
38307,1
38308,1
38309,1
38311,1
38312,1
38317,1
38322,1
38329,1
38331,1
38332,1
38334,1
38339,1
38343,1
38346,1
38348,1
38349,1
38356,1
38357,1
38358,1
38360,1
38364,1
38369,1
38370,1
38373,1
38428,1
38433,1
38440,1
38442,1
38446,1
38447,1
38450,1
38459,1
38463,1
38464,1
38466,1
38468,1
38475,1
38476,1
38477,1
38479,1
38480,1
38491,1
38492,1
38493,1
38494,1
38495,1
38498,1
38499,1
38500,1
38501,1
38502,1
38506,1
38508,1
38512,1
38514,1
38515,1
38517,1
38518,1
38519,1
38520,1
38522,1
38525,1
38533,1
38534,1
38536,1
38538,1
38539,1
38541,1
38542,1
38543,1
38548,1
38549,1
38551,1
38552,1
38553,1
38555,1
38556,1
38557,1
38560,1
38563,1
38567,1
38568,1
38570,1
38575,1
38576,1
38577,1
38578,1
38580,1
38582,1
38583,1
38584,1
38585,1
38587,1
38588,1
38592,1
38593,1
38596,1
38597,1
38598,1
38599,1
38601,1
38603,1
38604,1
38605,1
38606,1
38609,1
38613,1
38614,1
38617,1
38619,1
38620,1
38626,1
38627,1
38632,1
38634,1
38635,1
38640,1
38642,1
38646,1
38647,1
38649,1
38651,1
38656,1
38660,1
38662,1
38663,1
38664,1
38666,1
38669,1
38670,1
38671,1
38673,1
38675,1
38678,1
38681,1
38684,1
38686,1
38692,1
38695,1
38698,1
38704,1
38706,1
38707,1
38712,1
38713,1
38715,1
38717,1
38718,1
38722,1
38723,1
38724,1
38726,1
38728,1
38729,1
38733,1
38735,1
38737,1
38738,1
38742,1
38745,1
38748,1
38750,1
38752,1
38753,1
38754,1
38756,1
38758,1
38760,1
38761,1
38763,1
38765,1
38769,1
38772,1
38777,1
38778,1
38780,1
38785,1
38788,1
38789,1
38790,1
38795,1
38797,1
38799,1
38800,1
38808,1
38812,1
38816,1
38819,1
38822,1
38824,1
38827,1
38829,1
38835,1
38836,1
38851,1
38854,1
38856,1
38859,1
38867,1
38876,1
38893,1
38894,1
38898,1
38899,1
38901,1
38902,1
38907,1
38911,1
38913,1
38914,1
38915,1
38917,1
38918,1
38920,1
38924,1
38927,1
38928,1
38929,1
38930,1
38931,1
38935,1
38936,1
38938,1
38945,1
38948,1
38956,1
38957,1
38960,1
38964,1
38967,1
38968,1
38971,1
38972,1
38973,1
38982,1
38987,1
38988,1
38989,1
38990,1
38991,1
38996,1
38997,1
38999,1
39000,1
39002,1
39003,1
39006,1
39013,1
39015,1
39019,1
39023,1
39024,1
39025,1
39027,1
39028,1
39080,1
39082,1
39087,1
39089,1
39094,1
39107,1
39108,1
39110,1
39131,1
39132,1
39135,1
39138,1
39145,1
39147,1
39149,1
39150,1
39151,1
39154,1
39156,1
39164,1
39165,1
39166,1
39171,1
39173,1
39177,1
39178,1
39180,1
39184,1
39186,1
39187,1
39188,1
39192,1
39197,1
39198,1
39200,1
39201,1
39204,1
39207,1
39208,1
39212,1
39214,1
39229,1
39230,1
39234,1
39237,1
39241,1
39243,1
39244,1
39248,1
39249,1
39250,1
39253,1
39255,1
39318,1
39319,1
39320,1
39321,1
39326,1
39333,1
39336,1
39340,1
39341,1
39342,1
39347,1
39348,1
39356,1
39361,1
39364,1
39365,1
39366,1
39368,1
39376,1
39377,1
39378,1
39381,1
39384,1
39387,1
39389,1
39391,1
39394,1
39405,1
39406,1
39409,1
39410,1
39416,1
39419,1
39423,1
39425,1
39429,1
39438,1
39439,1
39442,1
39443,1
39449,1
39464,1
39467,1
39472,1
39479,1
39486,1
39488,1
39490,1
39491,1
39493,1
39501,1
39502,1
39506,1
39509,1
39511,1
39514,1
39515,1
39519,1
39522,1
39524,1
39525,1
39529,1
39530,1
39531,1
39592,1
39597,1
39600,1
39608,1
39612,1
39616,1
39620,1
39631,1
39633,1
39635,1
39636,1
39640,1
39641,1
39644,1
39646,1
39647,1
39650,1
39651,1
39654,1
39658,1
39659,1
39661,1
39662,1
39663,1
39665,1
39668,1
39671,1
39675,1
39686,1
39704,1
39706,1
39711,1
39714,1
39715,1
39717,1
39719,1
39720,1
39721,1
39722,1
39726,1
39727,1
39729,1
39730,1
39739,1
39740,1
39745,1
39746,1
39747,1
39748,1
39749,1
39757,1
39758,1
39759,1
39761,1
39764,1
39768,1
39770,1
39791,1
39794,1
39796,1
39797,1
39811,1
39822,1
39823,1
39825,1
39826,1
39827,1
39830,1
39831,1
39839,1
39840,1
39848,1
39850,1
39851,1
39853,1
39854,1
39857,1
39860,1
39865,1
39867,1
39872,1
39878,1
39881,1
39882,1
39887,1
39889,1
39890,1
39892,1
39894,1
39899,1
39905,1
39906,1
39907,1
39908,1
39912,1
39920,1
39921,1
39922,1
39925,1
39936,1
39940,1
39942,1
39944,1
39945,1
39946,1
39948,1
39949,1
39952,1
39954,1
39955,1
39956,1
39957,1
39963,1
39969,1
39972,1
39973,1
39981,1
39982,1
39983,1
39984,1
39986,1
39993,1
39994,1
39995,1
39998,1
40006,1
40007,1
40008,1
40018,1
40023,1
40026,1
40032,1
40039,1
40054,1
40056,1
40165,1
40167,1
40169,1
40171,1
40172,1
40176,1
40179,1
40180,1
40182,1
40195,1
40198,1
40199,1
40200,1
40201,1
40206,1
40210,1
40213,1
40219,1
40223,1
40227,1
40230,1
40232,1
40234,1
40235,1
40236,1
40251,1
40254,1
40255,1
40257,1
40260,1
40262,1
40264,1
40272,1
40273,1
40281,1
40284,1
40285,1
40286,1
40288,1
40289,1
40292,1
40299,1
40300,1
40303,1
40304,1
40306,1
40314,1
40327,1
40329,1
40335,1
40346,1
40356,1
40361,1
40363,1
40367,1
40370,1
40372,1
40376,1
40378,1
40379,1
40385,1
40386,1
40388,1
40390,1
40399,1
40403,1
40407,1
40409,1
40422,1
40429,1
40431,1
40434,1
40440,1
40441,1
40442,1
40445,1
40473,1
40474,1
40475,1
40478,1
40565,1
40568,1
40569,1
40572,1
40573,1
40575,1
40577,1
40584,1
40587,1
40588,1
40593,1
40594,1
40595,1
40597,1
40599,1
40605,1
40607,1
40613,1
40614,1
40617,1
40618,1
40621,1
40628,1
40629,1
40632,1
40633,1
40634,1
40635,1
40636,1
40638,1
40639,1
40644,1
40652,1
40653,1
40654,1
40655,1
40656,1
40657,1
40658,1
40660,1
40664,1
40665,1
40667,1
40668,1
40669,1
40670,1
40672,1
40677,1
40680,1
40687,1
40692,1
40694,1
40695,1
40697,1
40699,1
40700,1
40701,1
40711,1
40712,1
40718,1
40723,1
40725,1
40736,1
40737,1
40748,1
40763,1
40766,1
40778,1
40779,1
40782,1
40783,1
40786,1
40788,1
40799,1
40800,1
40801,1
40802,1
40803,1
40806,1
40807,1
40810,1
40812,1
40818,1
40822,1
40823,1
40845,1
40853,1
40860,1
40861,1
40864,1
57448,1
57449,1
57450,1
63890,1
63891,1
63897,1
63939,1
63980,1
64014,1
64015,1
64016,1
64018,1
64019,1
64020,1
64022,1
64023,1
64024,1
64025,1
64026,1
64027,1
64028,1
64029,1
64030,1
64031,1
64032,1
64033,1
64034,1
64035,1
64037,1
64038,1
64039,1
64040,1
64041,1
64042,1
64043,1
64044,1
64045,1
64054,1
64070,1
64074,1
64106,1
64257,0.689
64258,0.7
65040,1
65041,1
65042,1
65049,1
65072,1
65073,1
65074,1
65075,1
65077,1
65078,1
65079,1
65080,1
65081,1
65082,1
65083,1
65084,1
65085,1
65086,1
65087,1
65088,1
65089,1
65090,1
65091,1
65092,1
65095,1
65096,1
65281,1
65282,1
65283,1
65284,1
65285,1
65286,1
65287,1
65288,1
65289,1
65290,1
65291,1
65292,1
65293,1
65294,1
65295,1
65296,1
65297,1
65298,1
65299,1
65300,1
65301,1
65302,1
65303,1
65304,1
65305,1
65306,1
65307,1
65308,1
65309,1
65310,1
65311,1
65312,1
65313,1
65314,1
65315,1
65316,1
65317,1
65318,1
65319,1
65320,1
65321,1
65322,1
65323,1
65324,1
65325,1
65326,1
65327,1
65328,1
65329,1
65330,1
65331,1
65332,1
65333,1
65334,1
65335,1
65336,1
65337,1
65338,1
65339,1
65340,1
65341,1
65342,1
65343,1
65344,1
65345,1
65346,1
65347,1
65348,1
65349,1
65350,1
65351,1
65352,1
65353,1
65354,1
65355,1
65356,1
65357,1
65358,1
65359,1
65360,1
65361,1
65362,1
65363,1
65364,1
65365,1
65366,1
65367,1
65368,1
65369,1
65370,1
65371,1
65372,1
65373,1
65374,1
65377,0.5
65378,0.5
65379,0.5
65380,0.5
65381,0.5
65382,0.5
65383,0.5
65384,0.5
65385,0.5
65386,0.5
65387,0.5
65388,0.5
65389,0.5
65390,0.5
65391,0.5
65392,0.5
65393,0.5
65394,0.5
65395,0.5
65396,0.5
65397,0.5
65398,0.5
65399,0.5
65400,0.5
65401,0.5
65402,0.5
65403,0.5
65404,0.5
65405,0.5
65406,0.5
65407,0.5
65408,0.5
65409,0.5
65410,0.5
65411,0.5
65412,0.5
65413,0.5
65414,0.5
65415,0.5
65416,0.5
65417,0.5
65418,0.5
65419,0.5
65420,0.5
65421,0.5
65422,0.5
65423,0.5
65424,0.5
65425,0.5
65426,0.5
65427,0.5
65428,0.5
65429,0.5
65430,0.5
65431,0.5
65432,0.5
65433,0.5
65434,0.5
65435,0.5
65436,0.5
65437,0.5
65438,0.5
65439,0.5
65504,1
65505,1
65506,1
65507,1
65508,1
65509,1
65512,0.5
137754,1
148432,1
153716,1
167133,1
167670,1
194575,1
194584,1
194679,1
194692,1
194771,1
194780,1
194797,1
194848,1